y_true,y_pred,y_proba
0,0,0.478793461577217
0,0,0.34473385004849855
0,0,0.3681824853239939
1,0,0.27585187862477367
0,0,0.11070987714873257
0,0,0.33374396087619684
0,0,0.3867908769443654
0,0,0.25881322463038964
0,1,0.5944789862028564
0,0,0.4082578553398658
0,0,0.28317716304105706
0,0,0.37392660922341564
0,0,0.3972641121830434
0,1,0.6650848805399439
0,1,0.6794044447140124
1,0,0.4642502782569234
0,0,0.3946795425004782
0,0,0.37828497423597923
0,0,0.3364064199391385
0,1,0.6327634045571102
0,0,0.32147442218024375
1,1,0.6476376243382683
0,0,0.3586496735784011
0,0,0.23825560167011167
0,0,0.27660795047005515
1,0,0.3898596749253633
0,0,0.46356903345203526
1,0,0.30443966357736896
0,0,0.38874642040756857
0,1,0.5943342138483153
0,1,0.5032721212362138
0,0,0.33310071826204807
0,0,0.39164786011895314
0,0,0.49434358807416107
0,0,0.4421748183868755
1,0,0.30443966357736896
0,0,0.4606914443586406
0,0,0.34473385004849855
0,0,0.41608144633257366
0,0,0.423582648617509
1,0,0.33757821551439554
0,1,0.6003031510399913
0,1,0.6555821424269239
0,0,0.28394492198322874
0,0,0.38198117694823347
0,1,0.5096697036086781
0,0,0.32147442218024375
0,1,0.6036689410197889
1,0,0.2587067589155799
0,0,0.30472424618692057
0,1,0.518003685551577
0,0,0.37360565984819216
0,1,0.6071644210113757
0,0,0.1485085705726951
1,0,0.2968772956227634
0,1,0.6407910248799662
0,0,0.38164735489870305
0,0,0.4371164105339606
0,0,0.30443966357736896
0,0,0.4459505659724287
0,1,0.6689949246097366
0,0,0.4383265552642132
0,0,0.28527180357487836
0,0,0.39503966488555337
0,0,0.34756627603807216
1,1,0.5078289291909108
0,0,0.48087581103654864
0,0,0.3942347724288218
1,1,0.5861651893709552
0,0,0.33374396087619684
1,1,0.5913687115951191
1,1,0.6741122575793116
0,0,0.4242729607902859
0,0,0.31484631205121266
0,0,0.23313162384654076
0,0,0.3771174078665612
0,1,0.5394943015593447
1,1,0.6899433956746674
0,0,0.37266097344093674
1,1,0.5494808963245492
0,0,0.30443966357736896
0,1,0.6663033898052718
0,0,0.39748031812162543
0,0,0.4069611368602448
0,1,0.5298802890047147
1,0,0.42156705495618213
1,1,0.5503946137696912
0,0,0.3658006209948509
0,0,0.4054432375159723
0,0,0.45067977725113645
0,0,0.19039069400826186
0,0,0.2506862099107029
0,0,0.26909846880774557
0,1,0.6622966092389504
1,0,0.42537935477540995
0,0,0.44232838561025667
0,0,0.466213989537332
0,0,0.43491464210413844
1,0,0.34473385004849855
0,0,0.27785159047865704
0,0,0.30776760273699166
0,1,0.5877393914027822
0,0,0.43950427357319344
0,0,0.40337295145351265
1,1,0.5071107586965983
0,0,0.22036507262150384
0,1,0.520103893520004
0,1,0.8642000010967598
1,0,0.46901301957093616
0,1,0.6107157093841212
0,0,0.3645141716437148
0,0,0.27414445841133456
0,0,0.34473385004849855
0,0,0.34473385004849855
0,1,0.5216554391638298
0,1,0.5781522381129497
0,0,0.1568255862807274
0,0,0.27660795047005515
0,0,0.10799734935000585
0,0,0.2909938544719556
0,1,0.5950848766415544
0,1,0.7109894314599381
0,0,0.4042974972620495
0,0,0.49272197145525287
1,0,0.3356580365355917
0,0,0.36517601401935723
0,1,0.591930233851028
0,0,0.4549772633405023
1,0,0.30443966357736896
0,0,0.3773239859210528
0,0,0.3493355241724314
1,0,0.44429255659282624
0,1,0.5902948231343633
0,1,0.6007424952359883
0,0,0.4170987185614341
1,0,0.43239031834549085
0,0,0.37269670046717346
0,0,0.3281679037836071
0,0,0.4428373397820313
0,0,0.32495076455059807
0,0,0.38874642040756857
1,1,0.8949881485876602
0,1,0.7041723923360204
0,0,0.4523066198620155
1,1,0.6222398618312291
0,0,0.2602943611163614
0,0,0.491828800910105
0,0,0.3364064199391385
0,0,0.3750959267547542
1,1,0.5126535425929788
0,0,0.23899751136139716
0,0,0.32147442218024375
0,0,0.19336574458782232
1,0,0.46620695150667973
0,0,0.37828497423597923
0,1,0.7045277031735742
0,0,0.4285940605811627
0,0,0.4146765029220027
0,0,0.4447123965319152
0,0,0.34473385004849855
0,0,0.33412426593082956
0,1,0.5431100610439922
0,0,0.19341286078447598
0,1,0.5095756538158728
1,0,0.4476312365178302
0,1,0.671444963835188
0,0,0.37666778649217547
0,0,0.45454768923782934
0,0,0.20953091682857616
0,0,0.45585869175654936
0,0,0.1789758715775907
0,0,0.469146778966337
0,0,0.3778054733559405
1,1,0.6233877982744289
0,1,0.5327341638525065
0,0,0.31916281915669364
0,0,0.2726031338580378
0,0,0.27660795047005515
0,1,0.5434681961204879
0,0,0.4277485470053907
0,0,0.47494820625737794
0,0,0.34842560608624146
0,0,0.34473385004849855
0,1,0.5988315106433693
1,0,0.4465025624340319
1,0,0.3364064199391385
0,0,0.34942905910352556
0,0,0.3858647321947746
0,0,0.28050545778394675
0,0,0.3078852898692439
0,0,0.36949028267122136
0,1,0.6230043588405966
0,0,0.28558215825568756
1,0,0.3355023509992099
1,0,0.4377927487259615
0,0,0.2992014189426832
0,1,0.542803421708377
0,0,0.4002891372560453
0,1,0.8853619829221803
0,0,0.3768917913634191
0,0,0.39935989005544026
0,1,0.505518799705829
0,0,0.32780047835259146
0,0,0.32446962620645836
0,0,0.3879420279632685
1,0,0.38874642040756857
1,1,0.5242624430252083
1,0,0.43606851517037515
0,0,0.24058098079912288
0,0,0.3737123601512915
0,0,0.44383043636436326
0,0,0.40466945474575533
0,0,0.499097979556864
0,0,0.3469818246898761
1,1,0.7801151825484606
0,1,0.5340778724137155
0,0,0.48290705900935343
1,1,0.8260649778254238
0,0,0.4420844285445987
0,1,0.5527540784523401
0,0,0.3028130974686379
0,0,0.3484404899730852
0,0,0.37287808311122683
1,1,0.6659035209318409
1,1,0.7962224447726565
1,1,0.5773872936507682
0,0,0.2519917506576478
0,1,0.5585871705673664
0,0,0.27037818304636635
0,0,0.38954012636453794
0,0,0.39600842079222087
0,1,0.6126489928378083
1,0,0.43429114671456986
0,0,0.29106250179330023
0,1,0.5706126949614075
0,0,0.3043263323861837
0,0,0.4458983127207978
0,1,0.6720039890915913
0,0,0.22697252792307743
0,0,0.37828443190091526
0,0,0.2519879595151894
0,0,0.4142238950990961
0,0,0.33374396087619684
0,1,0.5216421726033612
0,0,0.35357945857238415
0,0,0.41543409987094526
1,0,0.4847405678259155
0,0,0.27660795047005515
0,0,0.43685664042510536
0,0,0.4151729362114548
1,0,0.4363118344971075
0,1,0.6581643526487881
0,0,0.4759654902395959
0,0,0.46065700501547907
0,0,0.36065443125687063
1,1,0.6353267187006875
0,0,0.43985409006185167
0,0,0.34473385004849855
0,0,0.42414388163837036
0,0,0.08732428411605825
0,1,0.5339253767211215
0,0,0.3359999747178814
1,0,0.2908055525304559
0,0,0.43709826145675446
0,0,0.30443966357736896
0,0,0.45217872043676416
1,0,0.28327577583954416
0,0,0.4519853653519594
0,1,0.791266956017121
0,0,0.37828497423597923
0,0,0.2848126802121566
0,1,0.6369896910546275
0,0,0.48848181211419955
0,0,0.449976740128652
0,0,0.2796494513095961
0,0,0.12270019724913624
0,0,0.395537757034334
0,0,0.22536393710535166
0,0,0.33374396087619684
1,1,0.5730075303318138
0,0,0.1278796610553289
0,0,0.4803418507953844
0,0,0.3369760446966112
0,0,0.3850941228484521
0,0,0.4235436478493975
0,1,0.5281179896465389
1,1,0.6255857757264733
0,1,0.5730075303318138
0,0,0.3514178702578263
0,1,0.6096274717708626
0,0,0.48734206792936124
0,0,0.42889117343772504
0,1,0.6646137602881472
0,0,0.42216148174202034
0,0,0.25132012017785205
0,0,0.3704640735306938
0,1,0.7061819637816229
1,1,0.623613577813363
0,0,0.18803914599648572
0,0,0.4531319200334184
1,0,0.37272523852036366
1,1,0.5884271001210143
1,0,0.3762787715591202
0,0,0.056498574926065866
0,1,0.5832912722973174
0,1,0.6693800363591812
0,1,0.531640928436095
0,0,0.4400953355764997
0,1,0.6044635729270408
1,0,0.4947819253441216
0,1,0.5449355960117194
0,0,0.32147442218024375
0,1,0.7570557903768433
1,0,0.3364064199391385
0,1,0.6416499510467154
0,1,0.6492777847671147
0,0,0.18383291393942264
0,0,0.31250146533434653
1,0,0.30381715949649607
0,0,0.46897985993363445
1,0,0.42323214585202207
0,0,0.19650346989151637
0,0,0.46912537479639715
0,0,0.4095235217100112
0,1,0.5051415934397214
0,0,0.09549103827257178
1,0,0.24015890273573
0,0,0.284346368447557
0,0,0.35558480000369247
1,1,0.6911747340754917
1,0,0.47012018210383677
1,0,0.48627481268742384
1,0,0.48213579623356817
0,1,0.923876901972677
0,0,0.4909700868089538
0,0,0.4757433000122428
1,0,0.2634927159696071
0,0,0.4550658385639329
0,0,0.4755738720592981
0,0,0.438378490534039
0,0,0.2578682608878171
1,1,0.8242392930843954
0,1,0.6341830320622708
0,0,0.36975414897335285
0,0,0.4036336488204996
1,1,0.7760966592679016
0,0,0.27660795047005515
0,0,0.4688928866432174
0,0,0.49544880642580236
0,0,0.33507444359375727
0,0,0.30443966357736896
0,0,0.43542731200504714
0,0,0.2570151938260292
1,1,0.6925243849371303
0,0,0.20062502634039392
0,1,0.595328114147821
0,0,0.2378032679844295
0,1,0.5457828677068783
0,0,0.4615056335040749
0,1,0.7760966592679016
0,0,0.43163504667151026
1,1,0.6381707270869024
1,1,0.8769864952497411
0,1,0.6007424952359883
0,0,0.4054005210604422
0,0,0.06181433646198087
0,1,0.5272143330003363
0,0,0.29513124124321116
0,0,0.3364064199391385
1,0,0.12142963080304686
0,0,0.3880316202723232
1,0,0.4501339412806749
0,1,0.6528630897637064
0,0,0.09541220117848322
0,0,0.2730153536790221
0,0,0.46536906099843434
0,0,0.34473385004849855
0,0,0.45093220421122665
0,0,0.14029086498462015
0,1,0.6393416757013651
0,0,0.31795199244278244
1,0,0.4294655671749727
0,0,0.401541460264069
0,1,0.7931416232988195
0,0,0.4120418386098619
0,0,0.30443966357736896
1,0,0.40439821874991433
0,1,0.7298696163176132
0,0,0.4054432375159723
0,0,0.34627357039908513
0,0,0.3044815520969499
0,0,0.30996812487716763
0,1,0.587433507896956
0,1,0.5065218439303193
0,0,0.34004663642576555
1,0,0.4165176339601738
0,0,0.4322389815633906
0,0,0.40585125354190915
1,0,0.3364064199391385
0,0,0.40858355136298175
0,1,0.5966968530270779
0,1,0.6578540126854747
0,0,0.47312412165462714
0,1,0.550144330258965
0,0,0.33603226137129155
0,0,0.38416317552986173
0,1,0.7357074313643516
0,1,0.605348427322412
0,1,0.5775915002483766
0,0,0.38874642040756857
0,0,0.4077788372364663
0,1,0.7138788157240997
0,1,0.6007424952359883
0,0,0.34473385004849855
0,0,0.2412882616531855
0,0,0.30675227599375765
0,0,0.37828497423597923
0,0,0.32147442218024375
0,0,0.4471241473657346
0,0,0.4803968643312636
0,1,0.5235410536674042
1,1,0.8341092397845697
0,0,0.271812546077935
0,1,0.547655313850662
0,0,0.47250171515691186
0,0,0.10601050147081573
0,1,0.6431805137191251
0,1,0.7493942522006365
1,0,0.42465829121914184
0,0,0.4640204244106145
0,0,0.37006187270108576
0,0,0.3297290411973898
0,0,0.4467489751812965
1,1,0.5213569565104895
0,1,0.5996564999083839
0,1,0.5140968592276923
1,1,0.7838474335683198
0,0,0.4040525685735545
1,0,0.28836497582429493
0,0,0.36005933059420364
1,1,0.5535868887275575
0,0,0.17473143090623677
1,1,0.7544828041939758
0,0,0.33141214077038667
0,0,0.3612731681976462
0,0,0.35990084048542287
0,1,0.685029006844022
1,1,0.6495011895893625
1,0,0.4751181288419019
0,0,0.10154955992218696
0,0,0.27526310894229666
0,1,0.5568809831233387
0,0,0.34473385004849855
0,0,0.3701115768622819
0,1,0.7760966592679016
0,0,0.44309369762543765
0,0,0.44708587569274894
1,1,0.8081569771137582
0,1,0.5114813797347406
0,1,0.6590483022095717
0,0,0.4590510878528926
1,0,0.38018138377396876
0,1,0.551555740401747
0,1,0.6488724179765253
0,0,0.34385697851248864
0,1,0.5871468195783065
0,1,0.5412886028008597
0,0,0.35450052509697866
1,0,0.41898008346322724
0,1,0.5132673157967707
0,1,0.841890676440597
0,0,0.4291928615089528
0,1,0.5819623050655591
0,0,0.3364064199391385
1,1,0.8774481189331113
0,0,0.27660795047005515
0,0,0.3603422636971704
0,1,0.5730075303318138
0,0,0.4513942233781858
0,0,0.30939173632092193
0,1,0.5899037860573997
0,0,0.07943317214271785
0,1,0.6420317887541852
0,1,0.5292786124301977
0,0,0.2947257489517773
1,1,0.8653036960728954
0,0,0.1861250596052815
0,0,0.44261898951463985
1,0,0.35352508522855247
0,0,0.43866430196727274
0,0,0.36800026020142684
0,1,0.6217145589508266
0,1,0.6399043614260903
1,0,0.4305879064649601
0,1,0.5388983323261416
0,0,0.4844086164987288
0,0,0.4645598613405267
0,0,0.43487233189093843
1,0,0.4662423452501089
0,0,0.4361518140078418
0,0,0.1213945587120879
0,0,0.40126730980267433
0,0,0.4164090386532099
0,0,0.23277990837597862
0,0,0.43582455696294947
0,0,0.3185722872987661
0,1,0.6556762839233016
0,0,0.37828497423597923
0,0,0.27660795047005515
0,0,0.273585060475237
0,0,0.34473385004849855
0,0,0.45242204020946847
0,0,0.3507598305215519
0,1,0.6060311873875873
0,0,0.27748893574572847
0,0,0.26980287302888917
0,0,0.3364064199391385
0,0,0.37578815434997825
1,1,0.8022695543794516
0,0,0.2131759442471874
0,0,0.42874762874143724
1,1,0.5035811735812626
1,0,0.4498551851322081
0,0,0.42047454161953995
0,0,0.360267856866824
0,0,0.38874642040756857
0,0,0.1838371214619153
0,0,0.3171893527314697
1,1,0.8653036960728954
0,1,0.6109637610607569
0,0,0.3468596545318521
0,1,0.6007424952359883
0,0,0.13105231684511234
1,0,0.4282055474413217
0,1,0.5232332081135216
0,1,0.5779644322889569
0,1,0.7407077144676409
0,0,0.3807495269868007
0,0,0.34473385004849855
1,0,0.43263928781708166
0,1,0.6133515737544193
1,0,0.40391981349886136
0,0,0.3624574517723224
0,0,0.27070484694192876
0,0,0.3577804768793924
0,0,0.1682834992935357
0,1,0.6828976691175801
0,1,0.6204874582779832
0,0,0.44599219315644884
1,0,0.46404737234041277
1,1,0.5699094246900708
0,0,0.44574237271442524
0,0,0.44294886508193354
0,0,0.45298142707676803
0,0,0.3313758345899204
1,0,0.4011039104389833
1,1,0.508543742033888
0,1,0.6095976965193286
0,0,0.44432700906371897
1,1,0.5618071397053658
0,1,0.6479477557704911
0,0,0.2627620413346241
0,1,0.6088401701690088
1,1,0.5044724157478652
0,0,0.3468686976283374
0,1,0.6082718411941289
1,0,0.08317494263084543
0,0,0.3249235575810796
0,0,0.460595208849256
0,0,0.3953536591091828
0,0,0.31513657927173505
0,0,0.41769989100268273
0,0,0.34311169401196223
0,1,0.5853929216111348
1,1,0.6007424952359883
0,0,0.4447123965319152
1,0,0.3185736983193666
0,0,0.4909105674893257
0,0,0.43324419917342744
1,1,0.869653721329963
0,0,0.3255097197764492
1,0,0.3761173178966037
0,1,0.8039692952618969
0,0,0.34219627582026546
0,0,0.38399175158310406
1,0,0.26470974913725254
0,1,0.505788312492541
1,0,0.21672169114155504
0,0,0.38693305213888657
0,0,0.4782819700887195
0,1,0.5213972676294998
0,0,0.4599246601994736
1,1,0.6994696169293193
1,0,0.27204599426180437
0,0,0.3283909754031639
0,0,0.3557787778502387
0,0,0.1953627526749336
0,0,0.40553689828329953
0,0,0.28457052277711936
0,0,0.33374396087619684
0,0,0.35179793706919726
0,0,0.30195327678577055
1,0,0.46842013014743655
1,1,0.538359387339164
1,1,0.8774481189331113
0,0,0.2810437766641359
0,1,0.5197902876969878
0,0,0.4338701290274101
0,0,0.2872894366668735
0,1,0.6214256597284359
0,0,0.41353863097862414
0,0,0.4263316548988323
0,1,0.5880918115946749
0,1,0.5751755197854561
0,0,0.470228329344515
0,0,0.41740372994591185
0,1,0.6454009541874137
0,0,0.44001302515541246
0,0,0.4571074363362351
0,1,0.8065806070254465
0,0,0.4002991804353201
0,0,0.4391682158449145
0,0,0.30443966357736896
0,0,0.3696632158295836
0,0,0.1239527963436658
0,0,0.44573559991864364
0,0,0.40115504821132614
0,0,0.07225538244697911
0,1,0.8769864952497411
0,0,0.37828497423597923
1,1,0.5663532174932228
0,0,0.0983493153351415
0,1,0.5730075303318138
0,0,0.38700062280958747
0,0,0.24308848559351506
0,0,0.4035004444248363
0,0,0.2824033358070364
0,1,0.6697560150807393
0,1,0.5730075303318138
0,0,0.4622072069642683
0,0,0.3876639518922108
0,0,0.3472578164934207
1,0,0.3985425604207097
0,0,0.35475365522064867
0,0,0.3410492931965759
0,1,0.6007424952359883
0,0,0.40636319761539547
0,1,0.7040914330935131
1,1,0.7253884323998872
0,0,0.09880001245815433
1,1,0.5488377099067597
0,1,0.576099002161917
0,0,0.32147442218024375
0,0,0.32147442218024375
0,0,0.4774421821036475
1,0,0.4295530396875706
0,0,0.2871908162023758
0,0,0.36828679158871064
1,1,0.8653036960728954
1,0,0.34473385004849855
1,0,0.47708206217869464
0,0,0.2747993297546968
0,0,0.3701141249180249
0,0,0.34473385004849855
0,0,0.30506016499690236
0,0,0.45807225078443686
0,0,0.4082578553398658
1,0,0.48111314413365047
0,1,0.5864764490959655
0,0,0.23664132841319307
0,0,0.27573028329233007
0,1,0.5198085386234464
0,0,0.231768760508605
1,0,0.47962897266810844
0,0,0.31343466059673014
0,0,0.4437288830749384
0,0,0.34473385004849855
0,0,0.4121154656005168
0,0,0.478793461577217
1,1,0.6338172994324173
0,1,0.5984412478695448
1,0,0.3463275458759021
0,0,0.3522827885073645
0,1,0.5912698108697613
0,1,0.6220265921515209
0,1,0.5582982869762664
0,0,0.4702154637777238
0,0,0.34473385004849855
0,0,0.30443966357736896
0,0,0.3559563181546498
0,0,0.44557057823432045
0,0,0.2684965289194448
0,0,0.39408646341328624
0,1,0.5375837693988201
0,0,0.3127775439910749
0,1,0.5204111724187116
0,0,0.2914149437850999
1,0,0.4915626856779069
1,1,0.7160896919375375
0,0,0.4269939738295844
0,0,0.28026181660190025
0,0,0.27036058871675345
1,1,0.5244144389992006
0,0,0.32122763572623586
1,0,0.26047342660909484
0,0,0.358918477142069
0,0,0.4082578553398658
0,0,0.4082578553398658
0,0,0.3520572877211711
1,0,0.32400789461097196
0,0,0.30558008389002306
0,0,0.45221530970925117
0,1,0.8313428318999403
0,0,0.45509677769792817
0,0,0.32282218725905687
0,0,0.3980209459098544
1,1,0.6007424952359883
0,0,0.31767611899326914
0,0,0.38039185107975926
1,0,0.3097186311282236
0,1,0.559233546489257
0,0,0.4099060106129345
1,0,0.39685934129865796
0,0,0.3575525989627344
1,0,0.3185866862277533
1,1,0.5562414053075115
0,0,0.4756940285638853
0,0,0.32147442218024375
0,1,0.6007424952359883
0,0,0.41979563212662035
0,1,0.7695992974409969
0,0,0.3776952929390015
0,0,0.2551909878783885
0,0,0.4230398227865599
0,0,0.21622193918318205
0,0,0.49417882932137824
0,0,0.15133334308268961
0,0,0.37485830088294136
0,0,0.33780450643224574
0,0,0.4082504806738053
0,0,0.4730516134589978
0,0,0.3595372237468457
0,0,0.41799194973887877
0,0,0.26159424883629806
0,0,0.43526016411417634
0,0,0.4049954901940668
1,1,0.7134692983940121
0,1,0.7709956304336617
0,1,0.5877300335434462
0,1,0.6671542360433376
1,1,0.6107451333791097
0,0,0.31031817107412996
1,0,0.3106483946123019
0,0,0.38013328542513075
0,0,0.42326438298069863
0,0,0.25362572098828673
0,0,0.34186285162901614
0,0,0.4448699040018856
0,0,0.4193010744352431
0,0,0.33374396087619684
0,0,0.2741630333447732
0,0,0.37582563562181837
1,0,0.3364064199391385
0,0,0.21055624469042794
0,0,0.25202501458774096
0,0,0.43115822665736364
0,1,0.602869784537753
0,0,0.32131925904821584
1,1,0.6272082800472599
1,1,0.6716981806986598
0,0,0.3367915775749415
0,0,0.4030689256913704
0,1,0.6495927510132374
0,1,0.5122758733427729
0,0,0.4220784288400129
0,0,0.38073241058179796
0,1,0.6461885267798403
0,0,0.3508817458756098
1,0,0.2639158493804432
0,1,0.5492474379988447
0,0,0.23057323013407344
1,0,0.39513784466822527
0,0,0.32147442218024375
0,0,0.3466437559237205
1,0,0.23156700817326845
0,0,0.18563304480113363
0,0,0.19336574458782232
0,0,0.4903824662913906
0,0,0.1337476402763095
0,0,0.30443966357736896
1,1,0.7612414812588584
0,1,0.6523495948750648
0,1,0.5225039241624511
0,0,0.33125312048668304
0,0,0.32615900458707225
0,0,0.3364064199391385
1,0,0.4239628767838518
0,0,0.34721742127620464
0,1,0.518536841653277
1,0,0.2806256399012323
0,0,0.4163426127637973
0,0,0.30443966357736896
0,1,0.5623130542716607
0,0,0.04780107046307349
0,0,0.26066193683640015
1,0,0.44155967329339285
0,0,0.20036330940283964
0,0,0.4759153358789675
0,0,0.39946170728992525
0,0,0.44201859182122644
0,0,0.25447142876873396
0,0,0.17154420307726095
0,0,0.38508956084825535
0,1,0.5929759458066064
0,0,0.30443966357736896
0,0,0.34473385004849855
0,0,0.44390908397503254
0,0,0.13719790957935465
0,0,0.30443966357736896
0,0,0.48608448427584144
0,0,0.1772679566990011
0,0,0.33374396087619684
0,0,0.3585999178741772
1,0,0.2872873288593727
0,0,0.3829030148697688
0,0,0.31484631205121266
1,0,0.48279971765179264
0,0,0.3364064199391385
1,0,0.27660795047005515
0,0,0.4398609265064725
1,0,0.3311736309658965
0,0,0.38874642040756857
0,0,0.435602236480832
0,0,0.41261382649566847
1,0,0.43519214857473354
0,0,0.4082578553398658
0,0,0.25725375136050055
0,1,0.5235398667859372
0,0,0.39804795556665096
0,0,0.12847875275039544
0,0,0.47096495958143103
0,0,0.3846745015719249
0,0,0.26157746303702
1,1,0.6596641404723209
0,1,0.6366694600908956
0,0,0.35094839258492105
0,0,0.38265280917962563
1,0,0.40844966860653925
0,0,0.4572107929949586
0,0,0.322742257798506
0,1,0.7931416232988195
1,1,0.6883057844635396
0,1,0.8949881485876602
0,0,0.33374396087619684
1,1,0.5860288234845192
1,0,0.45852955571616233
0,0,0.12347221071300343
0,1,0.688292172862917
0,0,0.37495416441510854
1,0,0.39130870737853457
0,1,0.6764830335893917
1,1,0.6223088127900663
0,0,0.3905911466777196
1,0,0.4938228814223693
0,0,0.3364064199391385
0,0,0.34473385004849855
1,1,0.8972591969296908
0,0,0.13265525152060514
0,0,0.37828497423597923
0,1,0.65471803369614
0,1,0.5722210696093202
0,0,0.3817286695887829
0,1,0.5629183369272568
0,1,0.5217605071518793
0,0,0.4094610257973827
0,0,0.283421044428279
0,0,0.3059681111906617
0,0,0.36807053816076357
0,0,0.3901292923441173
0,1,0.5157440301911697
0,0,0.33201745843694863
0,1,0.6072629702490049
0,0,0.4161736607911564
1,0,0.1956535496719009
0,0,0.4178861537529091
0,0,0.4639571453541696
0,0,0.30443966357736896
0,1,0.5766386983341478
0,0,0.46254578470020813
0,0,0.4476718259436814
0,0,0.3666013320958554
0,0,0.4109711727059707
0,1,0.5072235880236332
0,0,0.132572287155008
1,0,0.46399544101980955
1,0,0.3904637641731547
0,0,0.23930628020982997
0,0,0.3683514492080609
0,0,0.2766586912853516
0,0,0.21559292029354657
0,0,0.382110675472764
0,0,0.21822563777400303
0,0,0.32090991030383204
1,0,0.4023205406936753
0,0,0.3595372237468457
0,1,0.526383519548484
0,0,0.4981922342039249
0,0,0.34830146295167597
0,0,0.18802022583330807
0,0,0.46978480546187373
0,1,0.5499769533974529
0,0,0.3248841821169516
0,1,0.5921067470471916
0,1,0.5180055120644984
0,1,0.6058853677284306
0,0,0.33596104894332635
0,1,0.6205200183781406
0,0,0.29461700907543437
0,0,0.34473385004849855
0,1,0.5766384813788765
0,0,0.34473385004849855
0,0,0.38573349395611606
0,1,0.7148109245761415
0,0,0.34052019571381154
0,1,0.7713786551221328
0,1,0.6476874917923102
0,0,0.41398583164996045
0,0,0.3891300811382582
0,1,0.6007424952359883
1,0,0.4714202712827929
0,0,0.33453628624686743
0,1,0.6005014106833367
0,0,0.48198259436022134
1,0,0.4290414865929912
0,0,0.47175812748897417
0,0,0.4082578553398658
0,0,0.2698519918919455
0,1,0.5217505232738852
1,0,0.3666747921596962
0,0,0.3966341210927938
0,0,0.4298097341501765
0,0,0.22035339380525784
1,0,0.25373964786205794
0,0,0.06260787454726813
0,0,0.4736027921399737
0,0,0.47133439620820494
0,0,0.4247345949055014
1,0,0.4118832265537373
0,0,0.34473385004849855
0,0,0.4301256919571307
0,1,0.6007424952359883
0,0,0.3548160419067751
0,0,0.34473385004849855
0,1,0.8824952661576958
0,0,0.42725023476419816
0,0,0.39144202652776894
0,1,0.6129973538847158
0,1,0.6742989826568252
0,0,0.4395761878517745
1,1,0.8073175358236641
0,1,0.5552203489491772
0,0,0.33919656887641186
0,0,0.3786172028782487
0,1,0.5932763504546115
0,0,0.440918480475266
0,0,0.30443966357736896
0,1,0.616333499551294
0,0,0.33374396087619684
1,0,0.4082578553398658
0,0,0.44294561422932793
0,0,0.197235311178871
0,1,0.5801539516935059
0,0,0.30119521512546726
0,0,0.4928270392978807
0,0,0.38905844937941847
1,0,0.31800152357608846
0,0,0.38247289891884434
0,1,0.8069712975343305
0,0,0.43623046139165084
0,0,0.32846703108266856
1,1,0.850133184891537
0,0,0.1201020794845607
0,1,0.5727289273950669
0,0,0.22260776633566842
1,0,0.46010677750945844
0,0,0.49123084762791797
0,1,0.6172565990584706
0,1,0.6993438628047037
0,1,0.7496400756692684
0,0,0.27790448825522834
1,1,0.6170355371595142
0,1,0.5461418852033737
0,0,0.12995711990191613
0,0,0.4082578553398658
0,0,0.4413812202970667
0,0,0.28050545778394675
0,0,0.4356525213678315
1,0,0.34473385004849855
0,0,0.4654534752343143
0,0,0.2847600050785793
1,1,0.5494522842719095
0,1,0.5674993206010109
0,0,0.4082578553398658
0,1,0.6493199197248152
1,0,0.1318040052348784
0,1,0.5415431649249883
0,0,0.4495570274561735
0,0,0.48313321299097484
0,0,0.4061153130857643
0,0,0.24797227472606115
0,1,0.7308431285610686
0,1,0.7690524450771905
0,1,0.5567852037654578
0,0,0.09775188659027435
0,0,0.4956832014078224
0,0,0.3373066421430001
0,0,0.34473385004849855
0,0,0.38874642040756857
1,0,0.42613311418015354
0,1,0.728482146476646
0,1,0.5049023517670006
0,0,0.40203058400783426
0,1,0.735932507985108
0,0,0.153952061506664
0,1,0.5767294763799002
0,0,0.4766971911263201
1,1,0.8665527178163857
0,0,0.24163164513274726
0,0,0.44232838561025667
0,0,0.4397877869168351
0,0,0.4633285422416093
0,0,0.48501341051799796
0,0,0.3271364929710845
0,0,0.38874642040756857
1,1,0.895262682973065
0,0,0.4980368923032236
1,1,0.9341699792908076
0,0,0.3413176898240878
0,1,0.6388990581084117
0,0,0.44776704011995544
0,0,0.29957198657800904
0,0,0.30443966357736896
0,0,0.33374396087619684
1,0,0.3899216536821158
0,0,0.3839297001378747
1,0,0.48452573340542643
0,0,0.3978620718764133
0,0,0.2855341771595823
0,0,0.3268677526489285
1,1,0.8949881485876602
0,0,0.34609106068023765
1,1,0.6097290170787878
0,0,0.34473385004849855
0,0,0.3034653734866293
0,0,0.2712244412577524
0,0,0.46788805372886855
0,0,0.4096917587265531
1,0,0.48175545284866916
0,0,0.4844086164987288
0,0,0.3364064199391385
0,0,0.08303084342543089
0,0,0.23896852014920925
0,0,0.2690845889303478
0,0,0.3721684612609631
0,0,0.2272174119404313
0,0,0.44446757544675725
0,0,0.4474789693585615
0,1,0.6072509875480001
0,1,0.5829719511610523
0,0,0.2961996476518552
1,1,0.6865487150712448
1,1,0.7931044858897165
0,0,0.3364064199391385
0,1,0.6024359318164018
0,1,0.570470289242726
0,1,0.5289932435633111
0,0,0.22666344077332526
0,0,0.48214336698521315
1,1,0.8949881485876602
0,0,0.374034718033779
0,0,0.3807506558109801
0,0,0.44370115640050906
1,0,0.30443966357736896
0,0,0.37658224891941844
0,0,0.3279741798002539
0,1,0.5256045508387905
0,1,0.5145013043992548
0,0,0.4048865917725745
0,0,0.46278293680349303
0,0,0.3668140177073148
0,1,0.5297264412102313
0,0,0.38874642040756857
0,0,0.38874642040756857
0,1,0.7274722554678074
0,0,0.44567497445646936
0,0,0.49136428608502875
0,1,0.5951143724466398
0,0,0.37828497423597923
0,1,0.5497045551442563
0,1,0.5730075303318138
0,1,0.7931416232988195
0,0,0.42216283597362486
0,0,0.49519759866631535
0,1,0.6790944793613944
1,0,0.42256902957747494
0,1,0.5642888800332274
1,0,0.4670493856745349
0,0,0.4879009299945689
0,0,0.1534549489058907
1,1,0.6524242791115797
0,0,0.31484631205121266
1,1,0.6659035209318409
1,1,0.6272051228869945
0,0,0.4191839222506076
0,0,0.4082578553398658
0,0,0.3073603045792095
0,0,0.4054432375159723
0,0,0.38874642040756857
0,1,0.5432437799216631
0,0,0.19963009522184433
0,0,0.2954673623730376
0,0,0.34473385004849855
0,1,0.6622849590886835
0,1,0.5211680022000429
0,0,0.3364064199391385
0,0,0.45661873270850306
0,0,0.38874642040756857
1,1,0.5275164865033556
0,0,0.46836424142276595
0,0,0.48236710470049604
0,1,0.5011039032885268
0,1,0.5531063010073322
0,0,0.382865133857937
0,1,0.5805055143604456
0,0,0.3509154714412892
0,1,0.8949881485876602
0,0,0.4352992671996832
1,1,0.652127396386583
0,1,0.625435474266647
0,0,0.1318247084855197
1,0,0.3863782940919193
0,1,0.5967976357661481
1,1,0.5084741779090904
1,0,0.29585648818754123
0,0,0.47175050983114514
1,0,0.40659207907887396
0,0,0.4958862194500505
0,0,0.4071732377136609
0,0,0.4771743252558258
0,1,0.5517329084215598
0,0,0.314916495848842
0,0,0.18522531300883532
0,0,0.38963860815649676
0,0,0.4715465019216946
1,1,0.6046067987012899
0,0,0.33130322681565955
0,0,0.4489774472140543
1,1,0.5781249901362698
0,0,0.36207573960052014
0,0,0.3364064199391385
0,0,0.43197380050042367
0,1,0.5148109148727658
0,0,0.34312063308045854
0,1,0.5875432514431209
0,1,0.6641960884599747
0,0,0.3009370519208423
0,0,0.478128479603011
0,1,0.8386290048246112
0,0,0.4044379899127295
0,0,0.1416555090810428
0,0,0.4927046176230709
0,0,0.43131712342418665
0,0,0.41984932678416775
0,0,0.47505909443464023
0,1,0.6007424952359883
0,0,0.3629714400345611
1,1,0.5641767494359833
0,0,0.4061310700767119
0,1,0.6007424952359883
0,0,0.23118948842784878
0,1,0.5492140742186304
0,0,0.38874642040756857
0,0,0.376780104432835
0,0,0.1895807036133601
0,1,0.5932763504546115
0,0,0.4063245902028425
0,0,0.027609430277808048
1,0,0.4614205132666116
1,1,0.5909198588974008
0,0,0.30443966357736896
0,0,0.4233344987512945
0,0,0.34473385004849855
0,1,0.5720731827939388
0,0,0.3828771378542611
0,0,0.3244772709554202
0,1,0.58931185164057
1,0,0.3987987401243702
0,1,0.5889751333945361
0,0,0.18422912308598852
0,0,0.43756528022436675
1,0,0.3663113883941353
0,1,0.599776230129814
0,0,0.34473385004849855
0,0,0.4464861745341271
0,1,0.5111568229578898
0,0,0.22035339380525784
0,1,0.8276426661358793
0,1,0.6280348607158412
0,1,0.7200682950278581
0,0,0.39868729475604936
0,0,0.4322409039527197
0,0,0.38874642040756857
1,1,0.5315878873993579
0,0,0.4248168524839421
1,1,0.8653036960728954
0,0,0.48295332881330955
0,0,0.32226453008139916
0,0,0.29998195046708015
0,0,0.39002221762759176
0,0,0.3958393013439158
0,0,0.31770028478250445
0,0,0.4529987554460051
1,1,0.5792416768272535
0,0,0.26195007373005214
0,1,0.5213073188117917
0,0,0.34473385004849855
0,0,0.4333565196400486
0,0,0.4437538763244889
0,0,0.37828497423597923
0,1,0.5289818960595764
0,1,0.6211762276941855
0,0,0.32864949294836926
1,1,0.9294733525530409
1,1,0.8032220472753402
0,0,0.47610873762295547
0,0,0.3791630896595404
1,1,0.522749731929537
0,0,0.16309521031757515
0,0,0.35168286203114973
0,0,0.34473385004849855
0,0,0.05936929055336004
0,0,0.36524825789767956
0,1,0.6135804666797592
0,1,0.6645234504233729
0,0,0.40048848008633897
0,0,0.32147442218024375
0,0,0.36790988019306475
0,0,0.31213699043977644
0,0,0.4398606465253831
0,0,0.37828497423597923
0,0,0.43989592976385034
0,0,0.4327899034057241
0,0,0.41912432474272004
0,0,0.4994361288980238
0,0,0.4991771698139375
0,1,0.5163597084310982
0,0,0.4533002358019235
0,0,0.4696392243864987
0,0,0.4531319200334184
1,1,0.6461021494277602
0,0,0.4628217246308932
0,0,0.339856304525236
1,0,0.3231686798425719
0,0,0.39817881569807245
1,1,0.7621390913908447
1,0,0.39420564185247403
0,0,0.27660795047005515
0,1,0.6007424952359883
1,0,0.28667913281449
1,1,0.7801151825484606
0,0,0.2496922045447779
0,0,0.31250146533434653
0,1,0.6591721435539538
0,0,0.40170740585552706
0,0,0.45382264621641444
0,0,0.35506674594717336
0,1,0.5531063245445478
0,0,0.4171677336682715
0,0,0.4510794869474748
1,1,0.905742210725647
0,0,0.4930772060046179
0,0,0.4234971330608023
0,1,0.5615492245485639
0,0,0.4622736589354786
1,0,0.34473385004849855
0,0,0.09977196318472412
0,0,0.40274309490713067
0,0,0.4461436656347223
0,0,0.18061171634471088
0,0,0.25074682640273444
1,0,0.4399820043485839
1,1,0.6659035209318409
0,0,0.282902521031321
0,1,0.5687476617666773
0,0,0.3421546758807272
1,0,0.4573169547183016
0,0,0.4262072830694731
0,0,0.31965784610746645
0,0,0.151006856196713
0,0,0.41276201046842015
0,0,0.46155742662131566
0,1,0.6348191032599001
1,1,0.5915728608633312
0,0,0.41235182552531224
0,1,0.6577605913719213
0,0,0.35457745275667973
0,0,0.4358071991507294
0,0,0.3764108021164012
0,0,0.18535043094862969
0,1,0.895262682973065
0,0,0.38226150016676747
1,0,0.4364212026514905
0,0,0.3336211755860155
0,0,0.21897072692565042
1,0,0.3364064199391385
0,1,0.5459922511766608
0,1,0.5730075303318138
0,0,0.35865838477738915
0,0,0.20770984603751452
0,0,0.44773104908175937
0,0,0.2964289248639329
1,1,0.6396973790625745
0,0,0.3379113958861917
1,1,0.6354497037866595
1,1,0.7317981101849849
0,0,0.45788407327882885
0,1,0.5908493517585808
0,0,0.28397581833859525
0,0,0.4650840703190786
0,0,0.4326144796108069
0,0,0.30828154517931705
0,0,0.4440494413497523
0,0,0.34047765509468386
0,0,0.27061406112874864
0,0,0.26553162640600586
0,1,0.6819757820791722
1,0,0.4635890264612117
0,0,0.45490659473906975
0,1,0.6621723567335408
0,0,0.47661816864641665
1,0,0.39581808931323975
0,0,0.4429347288986491
0,0,0.4559588833731768
0,0,0.4640823031760685
0,0,0.06544691282265364
1,1,0.6007424952359883
0,0,0.22729233224205342
0,0,0.34512755349054564
0,0,0.44031297753602294
1,0,0.45069061274778033
0,0,0.34721742127620464
0,0,0.40979320238132066
0,1,0.5348450407288534
1,0,0.39241740210469145
0,0,0.4168663321886514
0,1,0.5111754599459152
0,0,0.30335029027771526
1,1,0.5915855714426315
0,0,0.22759224345832316
0,1,0.5555476915449298
0,0,0.4388541605171325
0,0,0.3968574287099337
0,0,0.15069163458781357
0,0,0.4647198766821506
0,0,0.38227869899287376
0,0,0.4319277519631528
0,0,0.30443966357736896
0,0,0.09665467393294767
0,0,0.3803426488861411
0,0,0.3287780737574773
0,0,0.1934940742714595
1,1,0.7103889670034194
0,1,0.5559297569248236
0,0,0.4534395236656642
1,1,0.7649595168551885
0,0,0.42084769342707945
0,0,0.3099200378022746
1,1,0.8626128598421571
0,0,0.4058611463330953
1,0,0.4298378138518818
0,0,0.4310970332779599
0,0,0.291257902071047
0,0,0.180461868007679
0,0,0.42436970626964804
0,0,0.43139018186563616
0,0,0.4408566568921323
0,1,0.5330007723423733
0,0,0.44097631108921104
0,0,0.3450557778911308
1,1,0.6189851183442899
0,0,0.4840293290713491
0,0,0.36288127680297744
0,0,0.3681395398967071
0,0,0.4005442012882624
0,0,0.38004171791253527
0,1,0.5083231274070567
0,0,0.3000403571230621
0,0,0.4163420884447075
0,1,0.5757893988820055
0,0,0.22446286460509743
1,0,0.4663406447102414
0,0,0.28376249483754645
0,0,0.3080794151082099
0,0,0.32147442218024375
0,1,0.5543002797335047
0,0,0.3364064199391385
0,1,0.6070249893499097
0,0,0.4082578553398658
0,0,0.32147442218024375
0,0,0.18233840784358527
1,1,0.6520592630618868
1,0,0.34473385004849855
0,0,0.27083135050022994
0,0,0.30443966357736896
1,1,0.5260852860118647
0,0,0.2900993305208374
0,0,0.3157235662231189
0,0,0.20466320343914862
0,1,0.5703253178704877
0,0,0.32829639195895827
0,0,0.13326030251587803
0,1,0.5082963439973353
0,1,0.5032287223027847
0,0,0.32147442218024375
0,0,0.3715141871577418
0,0,0.4926495345714576
0,0,0.30590133986465157
0,0,0.3888663454453332
0,0,0.34473385004849855
0,1,0.594987731469551
0,0,0.4013110562110447
0,0,0.46989568150955213
0,0,0.41166274911686396
0,0,0.4258355012250708
0,0,0.34721742127620464
0,0,0.3274986885807694
0,0,0.237582446922882
0,0,0.3398665860325832
0,0,0.4306585383702221
1,0,0.4705405855316073
0,0,0.3018690793222895
0,0,0.34473385004849855
0,0,0.4186726970969744
0,0,0.2587198247655101
0,0,0.3033614754873978
0,0,0.3364064199391385
1,0,0.14122530688832438
0,0,0.40843441231278077
0,1,0.715710845406884
0,1,0.6105277316990739
0,0,0.38874642040756857
0,0,0.456818066389969
0,0,0.4259391911129014
0,1,0.6090302570756689
0,0,0.2943628424322522
0,0,0.15999282155540162
0,1,0.519285764546527
0,1,0.7760966592679016
0,0,0.43224777853127294
0,0,0.22951103068761988
0,0,0.3261018751649347
0,0,0.37636283203259585
0,0,0.15130629503739887
0,0,0.4014695879351796
0,1,0.5744033323917053
0,0,0.45419484635520546
1,0,0.30910898399849474
0,0,0.39163864811299715
0,0,0.2626727266754018
1,0,0.448142069126558
0,0,0.3792122867884591
1,1,0.6682786240024378
0,0,0.2882431980181506
0,0,0.30443966357736896
0,0,0.30443966357736896
0,1,0.5399229031013185
0,0,0.2411609317313951
0,0,0.31795272046148615
1,1,0.9013902987982043
1,1,0.6007424952359883
1,0,0.34473385004849855
0,1,0.5840401300077985
0,0,0.4048408693356057
0,1,0.6840349960159063
1,0,0.33374396087619684
0,0,0.39310315159082143
0,0,0.21290367384361894
1,1,0.6709800058607223
0,0,0.4054432375159723
0,0,0.11294873556448398
1,0,0.2942460610393115
1,0,0.41635498870659376
1,0,0.4711344535080709
0,0,0.2914604296693551
1,0,0.37807177314089757
1,0,0.3307143166954531
0,0,0.30412402348798573
0,1,0.5562844971610013
0,0,0.35809016976725
0,0,0.4053676260644858
1,0,0.37924564123852045
0,0,0.3907784905846067
0,1,0.6469663296032091
0,0,0.23598605417600088
0,0,0.3959552565681582
0,0,0.4045900400499075
0,0,0.4027527992260149
0,0,0.20387558723554908
1,0,0.32147442218024375
0,0,0.3365775578420647
0,1,0.6446799165894197
0,0,0.4818133001522451
0,0,0.3726869286897889
0,0,0.3389792100959217
0,0,0.4082578553398658
0,1,0.5912698108697613
1,0,0.3364064199391385
0,1,0.618996453801632
0,0,0.28343448222550494
0,0,0.42225694614618003
1,0,0.37032918345937516
0,0,0.36831796129507305
1,1,0.6534400074083907
0,0,0.3690672066555071
0,0,0.4216558250184347
0,0,0.34083286577218624
0,0,0.10225397193786603
1,0,0.44463063569121686
0,1,0.6870761776896158
1,1,0.6839209853730621
0,0,0.30014184408391476
0,0,0.4083094535574818
1,0,0.30443966357736896
1,1,0.7095379410306589
1,0,0.2591344742777538
0,0,0.32147442218024375
0,1,0.5611734567032143
0,0,0.43488891121851164
0,0,0.40136653160215685
0,0,0.2496993827857648
0,1,0.5370523846969593
0,0,0.47200649211091594
0,0,0.36395751653974884
0,0,0.4570557815528293
0,0,0.38874642040756857
1,0,0.3417604371717773
0,0,0.3364064199391385
0,0,0.3903969842973191
1,1,0.8824952661576958
1,0,0.43339033918373016
0,0,0.32147442218024375
1,1,0.5758537749787254
0,0,0.4082578553398658
0,1,0.6482782490284406
0,0,0.41615469985496695
0,0,0.35506674594717336
0,0,0.46683951291774134
1,0,0.3833838911762487
0,0,0.38937410881714146
0,0,0.45192429383452165
0,1,0.6617190696829671
0,1,0.5886730027939235
0,0,0.4310417511977722
0,0,0.11652823639313359
0,1,0.5315273160846343
0,0,0.1757067631472316
0,1,0.6061667302529508
0,1,0.5299918708401271
0,0,0.3674951243566397
0,0,0.1525430496342129
0,0,0.34473385004849855
1,1,0.5337649487089846
0,0,0.4253386496868829
0,0,0.2535487520924403
0,0,0.32869608742053713
0,0,0.3987808557191484
1,0,0.4082578553398658
0,0,0.1838484248498492
1,1,0.5499921136479489
0,1,0.505858236430222
0,0,0.4580849489030947
1,0,0.452117564585991
1,0,0.37782008321131333
0,0,0.4364465453931716
1,1,0.8103722468392373
0,1,0.6101722460286929
0,0,0.29319680815576565
0,0,0.394113527791398
0,0,0.4303016461946926
0,0,0.09288980937611863
0,1,0.7441923890349994
0,1,0.5374633493074169
1,0,0.34473385004849855
0,1,0.5994667815784663
0,0,0.39238961913215836
0,0,0.4825296031455389
0,0,0.3635012766118899
0,1,0.6558808779522753
0,1,0.6732676329113217
1,0,0.3460744878595075
0,0,0.2864950207168408
0,1,0.6958125260445042
0,0,0.37003536367694684
0,1,0.5051558807248671
1,1,0.5106419262793338
0,0,0.4231905113315863
0,0,0.42143603961328097
1,1,0.8949881485876602
1,1,0.53665208045719
0,0,0.4052196414198321
1,0,0.33398433401796784
0,0,0.3172230622201689
0,0,0.4494495497437333
0,0,0.4466070471393737
0,1,0.5837735731104622
0,0,0.2530178039111144
0,0,0.34158742256599467
0,0,0.11467073217625215
0,0,0.30443966357736896
0,0,0.32009758396902294
0,0,0.4707170128819311
0,0,0.36218705118297834
0,0,0.27660795047005515
1,1,0.6544506291362506
0,0,0.32147442218024375
0,0,0.4434512290336989
0,0,0.11272861664712798
0,0,0.40327586817301425
0,0,0.4532235272025913
0,0,0.39625990902144326
1,0,0.49562457478453387
0,0,0.2663108742123515
0,0,0.09812112990911999
0,0,0.3915225360769566
0,0,0.3364064199391385
0,1,0.8932778522960692
0,0,0.3364064199391385
0,1,0.6583506547405051
0,0,0.3080120633771051
0,0,0.29700744048422356
0,0,0.3364064199391385
0,0,0.30443966357736896
0,0,0.30984075315337417
0,1,0.6733015273601244
1,1,0.5028600303676278
0,0,0.46237557295943454
0,0,0.20807544050510174
0,1,0.5409082000130663
0,0,0.30721964752427355
0,0,0.3424747405432426
0,0,0.4190280013008357
0,0,0.3547483141783654
0,0,0.32726639762021265
0,0,0.48407251677860386
0,0,0.34473385004849855
1,1,0.6236121935103374
0,0,0.3487327211202135
1,0,0.4348669296303316
1,1,0.5433026999432669
0,0,0.09197422160789064
1,1,0.7490977031941046
0,0,0.4499256035244661
0,0,0.46073937737220183
0,0,0.3903929857621072
0,1,0.8602320939256403
0,0,0.33374396087619684
1,0,0.3458672645311097
0,1,0.6244044616087324
0,0,0.33374396087619684
0,1,0.5934761155054912
0,0,0.21322801042608375
1,0,0.39052393126241464
0,0,0.38947319409297193
0,1,0.5757789498671863
0,0,0.43630936723567004
1,0,0.464972720924205
1,0,0.4559571716501809
0,0,0.3716731446007831
1,1,0.8824952661576958
0,0,0.19906481098419557
0,0,0.21207465096104253
0,1,0.6409302605615839
0,1,0.5508724289311574
1,1,0.6755180132234141
0,0,0.3106483946123019
0,0,0.3364064199391385
1,1,0.7801151825484606
0,0,0.32147442218024375
0,0,0.32147442218024375
0,1,0.5077005395155544
0,0,0.3983845910320508
0,1,0.7783411234559611
0,0,0.3468339361829229
0,0,0.19491539552936316
0,1,0.5198984194908981
0,0,0.30443966357736896
0,0,0.2742861745551473
0,0,0.34473385004849855
0,0,0.38874642040756857
0,1,0.5148473593871726
0,0,0.17833383543276998
0,0,0.4307765072197012
0,1,0.5785352039686694
0,1,0.5176374950144017
1,0,0.39214976721288625
0,0,0.44931611586837367
1,1,0.6545490427261338
0,1,0.6308401465535983
1,1,0.8653036960728954
0,0,0.31164417823265805
0,0,0.3093068711199024
0,1,0.6611973619028881
1,0,0.38874642040756857
0,1,0.5853667396525485
0,0,0.17241415557746434
0,0,0.4038752947073481
0,0,0.3599057487099236
0,0,0.33646584243861755
0,0,0.43867148712873266
0,0,0.40492635540698596
0,1,0.5699660652826966
1,1,0.7760966592679016
1,1,0.5538146867815318
0,0,0.34473385004849855
0,0,0.43709626947721225
0,0,0.366663008309433
0,0,0.20031008271647585
1,1,0.7309776060801157
0,0,0.46033441406898884
1,1,0.5895272136860915
0,0,0.32147442218024375
0,0,0.11400385586491275
0,0,0.4058991587993573
0,0,0.4591596888942959
0,0,0.46097927866031113
0,0,0.42223736450599536
0,0,0.13475163806558166
0,1,0.6706691632672137
0,0,0.38874642040756857
0,0,0.21593210367376356
0,0,0.15856111526342034
0,1,0.5397611805739444
0,0,0.3603633190378211
0,0,0.26999254036505044
1,0,0.3448951500848314
0,1,0.5569506841614914
0,0,0.30443966357736896
0,0,0.38534681953192046
0,1,0.8532468244499856
1,0,0.3092292090617954
0,0,0.4140038882391463
1,1,0.6023996015874757
0,1,0.770907621778128
1,0,0.35312200483831796
0,0,0.4073931888322303
0,0,0.32147442218024375
1,1,0.5694157756639199
0,0,0.44255573673731635
0,0,0.3364064199391385
0,0,0.3364064199391385
0,0,0.42171874198440545
1,0,0.4769129053608345
0,0,0.40386860692206694
0,0,0.32147442218024375
0,1,0.6705918380940195
0,0,0.438459455042431
0,0,0.37828497423597923
1,0,0.19391297953032488
0,1,0.6883002154868175
0,0,0.3168005319652798
0,0,0.38050166520245876
0,0,0.2761490669872893
0,0,0.42305098612375286
0,0,0.3770047647800414
0,0,0.19165134962682584
0,0,0.3524674439684786
0,0,0.14725705201822503
1,0,0.42076758852000695
0,0,0.2367126887849363
0,1,0.5683924451552895
0,1,0.6831709935290693
0,1,0.6423364151401992
1,0,0.46346095986578956
0,0,0.44033476722467163
0,0,0.2804848794499587
0,1,0.519719717632707
0,0,0.43677178497234753
0,1,0.5730075303318138
1,0,0.3366978118098874
0,0,0.3488528847348213
0,1,0.6548026225300668
0,0,0.19346703778497024
0,0,0.4163678732496374
0,0,0.4152095373248583
0,0,0.45289275958066705
1,0,0.49638825771171996
1,0,0.3783487185164599
0,0,0.39128678722965415
0,0,0.38874642040756857
0,0,0.45423682560982576
0,0,0.2436805615063614
0,1,0.6871575771764051
0,0,0.17810251014265902
0,0,0.4242000005804388
0,0,0.4897587779975328
0,0,0.44429255659282624
1,0,0.39368253597191727
0,0,0.4082578553398658
0,0,0.20833385424052905
1,1,0.8912205945587429
0,1,0.5768732613734252
0,0,0.402706060989532
0,1,0.5905802602943464
0,0,0.2846372576920047
0,0,0.3995596685658755
0,0,0.34473385004849855
0,0,0.2157213455846487
0,0,0.37828497423597923
0,0,0.28621914106536517
1,0,0.2776335455063441
0,1,0.6007424952359883
0,0,0.1252459730167176
0,0,0.1593065315438433
0,0,0.22720519779575918
1,1,0.8947182757427037
0,0,0.3671675346706516
0,0,0.3972267304062936
0,0,0.36286336584540574
0,1,0.6748902546959034
1,1,0.6598592066123217
0,0,0.4554663966300709
0,0,0.07449689784089196
0,1,0.5983219580156007
0,0,0.38042173316186695
0,0,0.382589123415432
0,0,0.32147442218024375
0,0,0.3364064199391385
0,0,0.27117788664533504
0,0,0.40467072496487655
0,1,0.587975202139527
1,1,0.7866645061061193
0,0,0.4798481992619612
1,1,0.6061014899106257
0,0,0.4366876380625466
0,1,0.6061050068472349
1,0,0.3628755506062102
0,1,0.6998477480371758
0,0,0.39161288059967037
0,0,0.09086236334144315
0,1,0.7697326547920076
0,0,0.34473385004849855
1,0,0.13696133192209817
0,0,0.4677239077146836
0,1,0.5813220187723841
0,1,0.5929464621578068
0,1,0.6897091559386769
0,0,0.437063005087698
0,0,0.39917890150910623
0,0,0.4627570769341919
0,0,0.41709939971930715
0,0,0.34473385004849855
0,0,0.38874642040756857
1,1,0.5973722732751041
0,1,0.7933332215575473
0,1,0.5749044137274731
0,0,0.44066022549493755
0,0,0.30300719660855846
0,0,0.46595123459969173
0,1,0.5093332922415349
0,0,0.23653775591016554
0,0,0.30411788472163576
0,0,0.23038861002913005
0,0,0.4082578553398658
0,0,0.40189022623565845
1,1,0.5366089108769478
0,1,0.5150940945508153
1,0,0.3606153764613918
0,0,0.14300642947953288
0,0,0.3407173309621631
1,0,0.3934098869483369
0,0,0.4780540739074444
0,0,0.3672136536826109
0,1,0.6609194495374868
0,1,0.5745151381275254
1,0,0.18893281018130118
0,0,0.3929292885272761
1,0,0.4521013568470681
0,0,0.3441664422527729
0,0,0.09867819920440832
1,0,0.4341163173232437
0,0,0.3364064199391385
0,0,0.362490143374007
0,0,0.26020410651376147
0,0,0.4628460665040508
0,0,0.40962736640252617
0,0,0.3149977015631509
0,0,0.3612353025988634
0,1,0.6161996697259332
0,0,0.32147442218024375
0,0,0.3801557871946001
1,1,0.6248407796055504
0,0,0.4464771076751947
0,0,0.41226488541659173
0,1,0.905742210725647
0,1,0.5017259159142174
0,0,0.440162891598478
0,1,0.57458826449083
0,0,0.456818066389969
0,0,0.46658852888944335
0,0,0.33374396087619684
0,0,0.4942351726145716
0,0,0.4295530396875706
1,0,0.4266925341199204
0,0,0.36650318835985574
0,0,0.4049954901940668
0,0,0.26310736309231764
0,1,0.8059598264941895
1,0,0.4137308744978251
0,0,0.2503399673588478
0,1,0.5926666023163025
0,1,0.59796072178009
0,0,0.3976099951855001
0,0,0.1156982824410942
0,0,0.38812654759643817
0,0,0.48035372722582564
0,0,0.335228837688479
0,0,0.48382703139597005
1,0,0.4826575222445684
0,0,0.11296867228102901
0,0,0.30823255066216415
0,0,0.30199140398073415
0,0,0.4123686980276957
0,0,0.3531541247930625
0,0,0.29766482682204515
0,0,0.30252615889525036
0,0,0.38874642040756857
0,1,0.8949881485876602
0,0,0.1888095553700932
0,0,0.27145876489315085
0,0,0.3314479098289276
0,1,0.6488245512849331
1,0,0.4112011129282541
0,0,0.3670139762545772
1,1,0.7801151825484606
0,0,0.35823190981202774
0,0,0.12476609650349131
0,1,0.5650101894105782
0,0,0.15028870794897312
0,0,0.3978799466367549
0,0,0.44993370962372314
0,0,0.273087222750386
1,0,0.3449583280990065
0,0,0.20795345489139144
0,0,0.3681237160516721
0,0,0.42805638850200933
1,1,0.7199692079860553
1,1,0.7931416232988195
0,0,0.17324605816576386
1,1,0.8653036960728954
1,1,0.6023485969737375
0,1,0.5836477346592672
0,0,0.32147442218024375
0,0,0.37828497423597923
0,0,0.2630049668186014
0,0,0.1846284032745924
0,0,0.4071159762588727
0,0,0.32175671783406895
0,0,0.48064071937276054
1,0,0.3364064199391385
0,0,0.35500836504118566
0,0,0.38212716793169893
0,0,0.3045434517108336
0,1,0.5044319742222244
1,0,0.4454371931557657
0,0,0.32147442218024375
0,0,0.185431997372318
0,0,0.36125712444215236
0,1,0.5773246635043269
1,0,0.3364064199391385
0,1,0.6104073824342919
0,0,0.32566943806294596
1,1,0.8654542768312571
0,0,0.3365681252852567
0,0,0.45092063569137386
1,0,0.29389588137432837
0,0,0.35352508522855247
0,0,0.44578453563006537
0,0,0.3223769503155743
0,0,0.2802555718470916
1,0,0.30443966357736896
0,0,0.2266860390841906
0,1,0.5730075303318138
0,1,0.6623076585349773
0,0,0.41685072122311184
0,0,0.3689515805785736
0,0,0.32147442218024375
0,0,0.1164655236464304
0,1,0.5958013100812409
1,0,0.41462549611187255
0,0,0.29597722132520077
0,1,0.8949881485876602
0,1,0.623111106637057
0,0,0.2633514545248644
0,0,0.38719369179309643
0,0,0.33249745546788245
0,0,0.30366941753977034
0,0,0.13588734059728286
0,0,0.44198973983855794
0,1,0.8949881485876602
0,0,0.41768984167988027
0,0,0.3804954104275357
0,0,0.4231180510984755
0,0,0.4154864698435444
0,0,0.42402650277172527
0,0,0.30607326402714674
1,1,0.5155571014541627
0,1,0.7084735937707709
0,0,0.3486756550052802
0,1,0.6344037269817566
0,0,0.37284152156994493
0,0,0.45657744940847544
1,1,0.6024968425677071
0,0,0.25861429722901424
1,0,0.41014752471843213
0,0,0.4573169547183016
0,0,0.3748319326794792
0,1,0.5921067470471916
1,0,0.2428653364249521
0,0,0.174008313009809
0,1,0.5989437316812561
1,1,0.8312564375377355
0,1,0.5578380297332006
0,0,0.3550317589606058
0,0,0.3534844322570232
0,0,0.27660795047005515
0,0,0.4527035325012314
0,0,0.3181356484891522
0,0,0.46812471275861406
0,1,0.6918048839601675
0,0,0.32147442218024375
0,1,0.6014462610728393
0,0,0.4049647840276532
0,0,0.3113859913219641
1,1,0.5784238438032381
0,0,0.3594685494368178
0,0,0.4579757996944223
0,0,0.2561698336500505
0,0,0.2647102474532801
0,0,0.33553918213026057
0,0,0.206869728969579
1,1,0.6545852268332767
0,1,0.8653036960728954
1,1,0.5445342015783846
0,0,0.40066922110591147
0,0,0.3804326355446727
1,0,0.3953270263229677
1,1,0.5693743520991713
0,0,0.23417752206385148
0,1,0.5789308053118097
0,0,0.2885424988623942
0,0,0.22306698592367127
0,0,0.19336574458782232
0,1,0.8653036960728954
0,0,0.41993031186680213
0,0,0.4322444050877487
0,0,0.39899320390568815
0,0,0.27660795047005515
0,0,0.3566856937876757
0,1,0.5730075303318138
0,0,0.33537699477286714
0,1,0.6124648984948586
0,0,0.4082578553398658
0,0,0.3989773954421477
0,0,0.43812569736107254
0,0,0.2211592634517482
0,1,0.6066799763197033
0,0,0.4453016514309524
0,0,0.39661683424614713
0,0,0.48238482460074117
1,1,0.6304809092990136
0,0,0.34272031527672214
0,1,0.5178760610172002
0,0,0.4881100271981205
0,0,0.32147442218024375
0,0,0.4618414274010134
0,0,0.2873604536367662
1,0,0.44260520352748645
0,0,0.23914442395543958
0,0,0.47256195329172895
0,1,0.8099027185410287
0,0,0.3557198180332879
1,0,0.26650459863262604
1,0,0.34473385004849855
1,0,0.3364064199391385
0,0,0.41808100267714104
0,0,0.47938776957885343
0,0,0.250725376168325
0,0,0.4335631489068808
0,0,0.32310676205390726
0,0,0.30443966357736896
0,0,0.37828497423597923
0,0,0.33374396087619684
1,0,0.47396598031925585
0,0,0.30443966357736896
0,1,0.5776319008041545
0,0,0.4474672407201024
1,1,0.8207431583591162
0,0,0.19189728912954404
0,0,0.3364064199391385
0,0,0.13133279077910018
0,1,0.5159038883213715
1,1,0.8769864952497411
0,0,0.4565074295670535
0,0,0.4769902628098853
0,0,0.33374396087619684
1,1,0.7450973443497411
0,0,0.3913639143571744
0,0,0.4380909843402159
0,0,0.1705007088084975
0,1,0.6142004767025495
0,0,0.1680833271217967
0,0,0.141328239661885
1,1,0.8813225282302776
1,1,0.8287440626128422
1,0,0.42681518899635396
0,0,0.38874642040756857
0,0,0.19753835203738707
0,0,0.336784559849804
0,0,0.30443966357736896
0,0,0.33374396087619684
0,0,0.43656413941398137
0,0,0.30585510859993914
0,0,0.3819538354659854
0,0,0.4509754354229222
0,1,0.5095756538158728
0,1,0.6131973318712581
0,0,0.35719292520879925
0,1,0.6007424952359883
0,0,0.16363010234037167
1,1,0.7760966592679016
1,0,0.4319277519631528
0,0,0.27660795047005515
0,0,0.38874642040756857
0,0,0.37828497423597923
0,0,0.2865252804658637
0,0,0.3630706187870201
0,0,0.3686452092339235
0,1,0.594987731469551
0,0,0.492584105519654
0,1,0.761234771143631
1,1,0.8926870984178252
1,1,0.6002928716015686
0,0,0.26204183414013665
1,1,0.7931416232988195
1,1,0.6099859883179016
0,0,0.461171636959578
0,1,0.6492777847671147
0,0,0.4089672953486175
0,0,0.1735735001080981
0,1,0.5015207578296417
1,1,0.7760966592679016
1,1,0.5974950838837988
0,0,0.3267600951761303
0,0,0.3364064199391385
0,1,0.6753787276952331
0,0,0.4335550650085618
0,1,0.8037911377100178
0,0,0.2108543397004929
0,0,0.39269883978111514
0,0,0.26600151657707016
0,0,0.0973118376441052
0,0,0.4297271657891789
0,0,0.3043445710007818
0,1,0.5315650538440346
0,1,0.5070811852592396
1,0,0.3878498619172942
0,0,0.1888095553700932
0,1,0.607815038088184
0,1,0.5966393446475113
0,0,0.4707150029098636
0,0,0.3364064199391385
0,1,0.5846380087632538
0,0,0.3488528847348213
0,0,0.35628486280523647
0,0,0.4993906939494721
1,0,0.34855516134693015
0,0,0.4306491497187365
1,0,0.4110298195973852
0,1,0.6556520333065189
0,1,0.5656402268844577
0,0,0.42839442653940146
1,0,0.4082578553398658
0,0,0.4325306959458175
0,1,0.5241845987178901
0,0,0.39560152861216336
1,0,0.43963377075150334
1,1,0.8371916636304096
0,0,0.11267608727886234
0,1,0.5750116742100835
1,1,0.6474963122539851
1,0,0.4082578553398658
0,1,0.538437623577107
1,1,0.6751397248606105
0,0,0.32230938214226396
0,0,0.48596941183461373
0,0,0.1386668257820257
0,0,0.4916071164915452
0,1,0.5921067470471916
0,0,0.17761195534856078
0,0,0.2890271011336289
0,0,0.34120822472727713
0,0,0.4706122141774661
0,0,0.4282055474413217
0,1,0.8774481189331113
0,1,0.6367324247495333
0,0,0.4708274945481474
0,1,0.7159194963233935
1,1,0.681502239106547
0,1,0.5713981547323708
0,0,0.11149109257487305
0,0,0.27660795047005515
0,0,0.45187384315395657
0,0,0.2901312343543702
0,1,0.6403549433263086
0,0,0.4303518163959428
0,0,0.4623580762300261
0,0,0.39486836893410465
0,0,0.30443966357736896
0,0,0.43519214857473354
0,0,0.3364064199391385
0,0,0.4513673746761795
1,0,0.40515986389804975
0,1,0.8100011911540866
0,1,0.6706950061186591
0,0,0.38874642040756857
0,0,0.27660795047005515
0,0,0.2484714285569178
0,0,0.3193648890551711
0,0,0.38639723862091213
0,1,0.5546869948755987
1,1,0.7069536653525713
0,0,0.30443966357736896
1,1,0.7801151825484606
0,0,0.4082578553398658
1,1,0.6649349376772111
1,1,0.8949881485876602
1,1,0.8774481189331113
0,0,0.3373236129641837
0,1,0.5497549104831592
0,0,0.46152698343976534
0,1,0.6521248692293999
0,0,0.24163115583970174
0,0,0.3403563606891875
0,0,0.45113813016375887
0,0,0.4034487029603657
0,0,0.4521762617968782
0,0,0.33374396087619684
0,0,0.3465269809397743
0,0,0.27677417100711915
0,0,0.34866897856747164
1,1,0.5340778724137155
1,1,0.5639448401632362
0,0,0.30443966357736896
0,1,0.5222037068919488
0,1,0.865504666490354
0,0,0.33935177681243084
0,0,0.2085680280673158
0,1,0.605348427322412
0,0,0.3500050747149216
0,1,0.5094263728369425
0,0,0.48964808800229664
0,0,0.3364064199391385
0,0,0.35984978643450566
0,0,0.38874642040756857
0,0,0.4891537165055304
0,0,0.3364064199391385
0,0,0.47579210190055504
1,0,0.44537604224551897
0,1,0.641610260602527
0,0,0.4542772872289981
0,0,0.4745145965659639
0,1,0.5096261787659849
0,0,0.3348540911448663
0,0,0.34203998177771494
0,0,0.43558512883730477
0,0,0.3267600951761303
0,1,0.6889331431329166
0,0,0.0894336739421272
0,0,0.44412832831595367
0,0,0.4089872697736183
0,0,0.22918244377941174
0,0,0.48521995284863145
0,0,0.4962542979122224
0,0,0.07376871319795845
0,0,0.2972847959218025
1,0,0.4642924496860171
0,0,0.4098373348592179
0,0,0.4378438242934953
0,0,0.27633304388236457
0,0,0.34473385004849855
0,0,0.2731767727893517
1,0,0.3979852712016729
0,0,0.2755492210519035
0,0,0.3364064199391385
0,0,0.37968260298788276
0,0,0.4421300880830043
1,1,0.6492777847671147
0,0,0.35727864258070335
0,0,0.2202718661405263
0,0,0.3741427929233772
0,0,0.3536118790112251
1,1,0.5142512989894777
0,0,0.32147496179646196
0,0,0.39344033085841024
0,0,0.32888469418721095
0,0,0.34473385004849855
1,1,0.5991082128847606
0,0,0.35352508522855247
0,0,0.41094397153426254
1,0,0.4130077150545873
0,0,0.37297814718312955
0,0,0.37828497423597923
1,1,0.8569620415199967
0,1,0.6385578486688066
0,0,0.3188254769082894
0,0,0.3043445710007818
1,1,0.6365032363154064
1,1,0.8180470293759466
1,0,0.46626923707089285
0,0,0.3140288214942709
0,0,0.4112654618727917
0,0,0.43099035010633335
0,0,0.4271410775764744
0,0,0.437332150394266
0,0,0.4316212850168146
0,0,0.40876940992327593
0,0,0.3840974109455491
0,1,0.519594916723486
0,0,0.31250146533434653
0,1,0.7697138243561721
0,0,0.3166601659840628
0,0,0.429504042570557
0,0,0.22897104459959214
0,0,0.28373883781689824
0,0,0.3351050143093722
0,0,0.42838954864072426
0,1,0.6869854038897585
0,0,0.4569784570202641
0,0,0.4545547627061806
0,0,0.4934708333663321
1,1,0.6657396214607385
0,0,0.24033974757007204
0,0,0.4189670610092803
0,0,0.28289105147704635
1,0,0.4642934757578545
0,0,0.44087888138018905
0,0,0.12412372466976934
0,1,0.5675237265156219
0,1,0.5534723512245606
0,0,0.3453912106416575
0,0,0.3860543354353348
0,0,0.42584383764818917
0,1,0.5075444856450924
0,0,0.3707401096477347
0,1,0.6181191943260559
0,0,0.3872620653033078
0,0,0.23915961892550666
1,0,0.43555187488130137
0,1,0.6478217182653333
0,0,0.41772215562951587
1,1,0.7145935836601929
0,1,0.5067427275321275
1,1,0.6587640124190638
1,1,0.7067105827599907
0,0,0.30443966357736896
0,0,0.48402456193053783
0,0,0.3946882782687514
0,0,0.32147442218024375
0,0,0.3184495383866491
0,1,0.6207299128850083
0,1,0.8653036960728954
0,0,0.19830266908205277
1,0,0.4757573602737272
0,0,0.4581673659615486
1,1,0.6330652706837137
0,0,0.34473385004849855
1,0,0.47769396768473726
0,0,0.40919111397060937
0,0,0.4200538264902392
0,0,0.2813252079633139
0,0,0.4477263028208706
0,0,0.32923571898852577
0,1,0.6211457715908936
0,0,0.4762869078354122
0,0,0.4403984071325048
0,0,0.3217775346701422
0,0,0.3689982025385862
0,1,0.5564376723292741
0,0,0.3114022111264206
0,0,0.38874642040756857
0,1,0.6502248367958746
0,0,0.26273161134216655
0,1,0.6101771436868596
1,1,0.8356235437748238
0,1,0.5649780957787801
0,1,0.5329014536502167
0,0,0.39413199451985176
0,0,0.3711499502364363
1,1,0.5964299310129315
1,0,0.34473385004849855
0,1,0.5700574443532912
1,0,0.37828497423597923
0,0,0.3248774912063336
0,0,0.2162804876444428
1,1,0.5300173681397932
0,0,0.44370820738211814
0,1,0.5703253178704877
0,0,0.36311071462967104
0,0,0.48984935923621314
0,0,0.2601547045003255
0,0,0.43347497485251807
0,0,0.4690677631459213
1,0,0.30584669091169864
1,1,0.6930171339545834
0,0,0.40270127678356393
0,1,0.6739414417824109
0,0,0.42572396731034995
0,0,0.3312032934243823
0,0,0.49936172847063975
0,1,0.5730075303318138
0,0,0.3332708779687029
0,0,0.39408734121526373
1,1,0.6595284177681958
0,0,0.12395803427695715
1,1,0.6497461438529266
1,1,0.5966951861961483
0,0,0.45282381914531805
0,0,0.18980541675896517
0,0,0.4526426221458641
0,0,0.326397393970191
0,0,0.3005075076950272
0,0,0.33472632444577594
1,1,0.6155782645486906
1,1,0.6622966092389504
1,0,0.34186285162901614
0,1,0.6439552221604672
0,0,0.35072439246388615
0,0,0.3202455147492107
0,1,0.6179529577169889
0,1,0.6007424952359883
0,0,0.46154436895792433
0,0,0.3088237237244722
1,0,0.27660795047005515
0,0,0.10734571820826572
1,0,0.3504070801462788
0,1,0.5713364320114989
0,0,0.2024488074597346
0,0,0.28156072075746197
0,0,0.4543495043876478
0,1,0.5180653265222679
0,0,0.06914068643122499
0,0,0.15663052954012716
0,0,0.41177398068901117
0,1,0.5491946727019225
0,0,0.25423074362916903
0,1,0.5398233071535382
0,0,0.4190130910434123
0,0,0.4521878576532406
0,1,0.5123987878580202
0,0,0.450513981630954
0,0,0.43436513105049684
0,1,0.5707660114096428
0,0,0.37998548980819613
0,0,0.3883890802840041
0,0,0.4218217984588217
0,0,0.3008447830453417
0,1,0.5778694411558074
1,1,0.7644983952851016
0,0,0.4671548738746497
1,1,0.614575191711087
0,1,0.6407154231594161
0,1,0.8130575450594968
0,0,0.3364064199391385
0,0,0.32147442218024375
0,1,0.6061410036141153
0,0,0.38864268729019946
0,0,0.25559658994541457
0,0,0.40254236792701437
0,0,0.38874642040756857
0,0,0.4054432375159723
0,1,0.674293338060546
0,0,0.30443966357736896
0,0,0.481486608341781
0,0,0.312249400559726
0,0,0.3342373703603926
0,0,0.37306185248146234
0,0,0.43020354520238396
1,1,0.5021400864469071
0,0,0.43083553885494713
0,0,0.3786076839920824
0,1,0.6676457919787692
0,1,0.6741319913804524
0,0,0.31025645195744966
1,0,0.429898351311097
0,0,0.4613387039646057
0,1,0.6007424952359883
1,1,0.8653036960728954
1,1,0.5667300738963914
1,1,0.5382582649467914
0,1,0.745520763697487
0,1,0.588420212513888
0,1,0.6531299803909586
0,0,0.22333872921332867
0,0,0.4543614782366038
0,1,0.6410056634118056
0,0,0.35212314385562693
0,1,0.5730075303318138
0,0,0.15961559628826347
1,0,0.4832670536697515
1,1,0.6565895406418426
0,1,0.6673441233768629
0,0,0.3774808083010973
0,0,0.45059280731015966
1,0,0.439311359433552
0,1,0.6470151705441628
0,0,0.08365616252142766
0,0,0.45030403386718076
0,0,0.48157865275853895
0,1,0.6235614197139575
1,1,0.5730075303318138
0,0,0.30930902243283637
0,1,0.5921067470471916
0,0,0.4750792995478901
1,1,0.658741566443706
1,0,0.3340509069406761
0,0,0.30443966357736896
0,1,0.628390105547314
1,1,0.5956921843129079
0,0,0.4324956276781505
0,0,0.3364064199391385
0,0,0.07127346295937066
1,0,0.28375734668822017
0,0,0.36620096167023747
0,0,0.26188965238714407
1,0,0.38046215898118896
0,0,0.4082578553398658
0,0,0.38874642040756857
0,0,0.2803047097492618
0,1,0.5430520415954059
0,0,0.4543284076562682
0,0,0.31590594586572823
1,1,0.5921067470471916
1,0,0.43929591722014194
0,1,0.6636558589245015
0,0,0.0790632477496733
0,0,0.470930620106793
0,0,0.18081180052789977
0,0,0.26213751507191024
0,1,0.6622966092389504
0,0,0.11413953551233205
0,0,0.3597500762746426
0,0,0.36444501206463903
0,0,0.2545706284619405
0,0,0.44161768726559697
0,0,0.1872963690407893
0,1,0.6471521158975223
0,0,0.3444392678747167
0,0,0.43793843228685414
0,0,0.32463538377165707
0,0,0.4576029317600544
0,0,0.3189214450082564
0,0,0.45948588317753497
0,0,0.43802987022560663
0,0,0.17928270355910347
0,0,0.3907537769319682
0,0,0.44034032548029406
0,0,0.4299928313767161
0,0,0.32147442218024375
0,0,0.19268839483402608
0,0,0.4262180697581887
0,1,0.5172117408453463
0,0,0.27660795047005515
0,0,0.34473385004849855
0,0,0.2864298824704984
0,0,0.14979463901866788
0,0,0.4648738116825292
0,0,0.4082578553398658
1,1,0.6520107998310981
0,1,0.6559536503177446
0,1,0.7405137101244684
0,0,0.3157794441054135
0,1,0.6473622772284578
0,1,0.5582784052678859
0,1,0.6344711626378029
0,0,0.2852079527613119
1,0,0.4850631566099247
1,0,0.43658328563805443
0,0,0.40907510125910734
0,0,0.4394872637731477
0,1,0.7850426979659882
0,0,0.3986514499537385
0,1,0.5865987595937451
0,0,0.3230942457849765
0,0,0.28448720483660356
0,0,0.16662571350946015
0,0,0.44451524813006643
0,1,0.5375837693988201
1,1,0.6548793514144977
0,0,0.34473385004849855
1,0,0.4728769769764569
0,0,0.2212860653210609
0,0,0.4858886313813164
0,0,0.34473385004849855
0,1,0.6324425846195331
0,0,0.43178228973774097
0,1,0.6135950959998189
0,0,0.1271569476112014
0,0,0.2109817750692364
0,0,0.30443966357736896
0,0,0.2919325783471808
0,0,0.4180854098446881
1,0,0.4902327415045765
0,1,0.5998763012313001
0,1,0.5185423969986555
0,0,0.4537918199065596
0,0,0.3486336446446995
0,0,0.4767022240941387
0,0,0.4745672382828384
0,1,0.5015907570631668
0,0,0.34473385004849855
0,0,0.4089532316731059
0,0,0.09341750787294467
0,0,0.195164289911797
0,1,0.5157484650739331
0,0,0.3164603501523431
0,1,0.5983719427182658
0,1,0.6121220649631836
0,0,0.46801329932175934
0,1,0.5942951157918945
0,0,0.3675937719261751
0,0,0.3389396456288205
0,1,0.6312123756186774
0,0,0.3475851345346308
0,0,0.39532471983126294
0,1,0.5532926783397419
0,1,0.5348143963790772
0,1,0.7758673144270548
0,0,0.08938637716736025
0,0,0.47375731378690067
0,0,0.4257921011020943
0,0,0.11714259808639194
0,0,0.05279903358490062
0,0,0.28971157909669
0,1,0.5081061204713291
0,0,0.24102039811025835
0,0,0.19268468484581458
0,1,0.8665424537867609
0,0,0.49103722416045126
0,0,0.43241977530224024
0,0,0.2901318659456298
0,1,0.6664320459862059
0,0,0.38890876662745255
0,1,0.8995075777722136
0,1,0.5610662440950127
0,1,0.6524279468563984
0,0,0.15498207511272855
0,0,0.4230686569262168
0,0,0.4477263028208706
0,0,0.172411758562243
0,0,0.27660795047005515
0,0,0.4122506819321951
0,1,0.7384570184817145
0,0,0.3364064199391385
0,0,0.3364064199391385
0,0,0.4985325890877447
0,0,0.36809554449500287
0,1,0.6363191791608649
0,1,0.6774761248363151
1,1,0.8653036960728954
0,0,0.29406166969300485
0,0,0.37828497423597923
0,0,0.31907688733881745
0,0,0.4509291321306549
0,0,0.36096958142030566
0,0,0.4109419829294679
0,0,0.32147442218024375
0,0,0.38217069735707265
0,0,0.46178982689045556
0,1,0.5368246313570395
1,0,0.3364064199391385
0,0,0.332034914763276
0,1,0.5089746223733097
0,1,0.6258050289602987
1,1,0.6439151465165884
0,0,0.11951952560189917
0,0,0.4449791097283468
0,0,0.4709915361229899
1,0,0.4298138591700592
1,1,0.8615278985898331
1,0,0.3730348404423718
1,1,0.8285548577374332
0,0,0.4054432375159723
0,0,0.44759696563468726
0,0,0.42668564393412733
0,0,0.43707262425110616
0,1,0.5789820498687704
0,0,0.46146176526990884
0,0,0.3181908273282276
1,0,0.3511616057681552
0,0,0.43279411691510417
0,0,0.44831219802303374
0,0,0.3364064199391385
0,0,0.17485120011090416
0,0,0.4360800501926597
0,1,0.7399830513574418
0,0,0.30443966357736896
0,0,0.3753991459871206
0,1,0.5991518186416085
0,0,0.4361887795433334
0,1,0.7461963237886835
0,0,0.3426197836003166
0,0,0.37071199045809167
0,0,0.4590410493843128
0,1,0.8653036960728954
0,0,0.30443966357736896
0,0,0.4619493318852932
0,0,0.4408433037630521
0,1,0.5916111651033771
0,0,0.3999354019853647
0,1,0.6324834265534206
0,0,0.4073655048986898
0,0,0.29749498232075466
1,0,0.3185736983193666
1,1,0.7305232847489073
0,0,0.36134200549761836
0,0,0.3901233713122992
0,0,0.4198747392306785
1,1,0.6837773640975795
0,1,0.6094993224161335
1,1,0.8367972380963918
0,0,0.4355002052556641
0,0,0.27139367277578674
0,0,0.4082578553398658
0,1,0.5700501498509574
0,0,0.49782682501137465
0,0,0.2696550757928471
0,0,0.34912619260811445
0,0,0.460011101798125
0,0,0.45495875999055
0,0,0.4588052207556545
1,0,0.2070096752934481
0,1,0.6153149152313866
0,0,0.3086983205171005
0,0,0.28135330007513204
1,1,0.5074004641850877
0,1,0.6565915592617274
0,0,0.38874642040756857
0,0,0.3124280765904809
1,1,0.5604189378430748
0,1,0.5299400158712152
0,1,0.5651339222831969
0,0,0.4087805986351348
1,0,0.4690696986737356
0,0,0.43466078178040735
0,0,0.4436079330212699
0,0,0.4477263028208706
1,1,0.642205280678499
0,1,0.7251314681587911
1,0,0.2601547045003255
0,1,0.7665562849430693
0,0,0.3364064199391385
0,0,0.18212223743786016
0,1,0.6174080960567393
0,0,0.4082578553398658
1,0,0.34473385004849855
1,1,0.6463685097338758
0,1,0.6002928716015686
1,0,0.3205062704018563
0,1,0.585787069104327
1,1,0.7036338759371756
0,0,0.3869995141573331
0,0,0.23435569463433348
0,0,0.44774928662148583
0,0,0.37494738508107395
1,0,0.38013328542513075
0,0,0.35506674594717336
0,0,0.4082578553398658
0,0,0.4553927767212451
0,0,0.12414267792889438
0,0,0.24223701449822968
1,1,0.6007424952359883
0,0,0.393413222162483
0,0,0.32147442218024375
0,0,0.37828497423597923
0,1,0.5658506399119467
1,1,0.8949881485876602
0,0,0.47579210190055504
0,0,0.34677433320764234
0,1,0.566130015251628
0,1,0.6420889094322094
0,0,0.19336574458782232
0,0,0.3628772577512228
0,1,0.5040685180712556
0,1,0.6711406457834164
0,0,0.0634099602448931
0,1,0.7693454402539881
0,1,0.5730075303318138
0,0,0.4133076613950832
0,0,0.20864334552808161
0,0,0.2918255120445152
0,0,0.11532357298478702
0,1,0.694322352939404
0,1,0.6068170170422418
0,1,0.5676858017449512
0,0,0.3364064199391385
1,1,0.5445786972707717
0,0,0.16971553060914096
0,0,0.30443966357736896
1,1,0.8210979166422305
0,0,0.399057079506537
0,0,0.14040025528046715
0,1,0.6003031510399913
0,0,0.39837570570583636
0,0,0.4692241447850951
0,1,0.5126790284850701
1,1,0.8438797620385435
0,0,0.30443966357736896
0,0,0.07140301196292471
0,1,0.7306441328280947
0,1,0.5125722083406411
0,0,0.49327743567488797
0,0,0.3479800124387491
0,0,0.3900376757173975
0,0,0.3131935154078138
1,0,0.41599853753273686
0,0,0.14741123871457099
0,0,0.4082578553398658
0,0,0.2632552606240018
0,0,0.4426227098877608
0,0,0.30443966357736896
0,0,0.4023871771502941
0,1,0.5419260439878628
0,0,0.1426957545829303
0,1,0.6512862232824447
0,1,0.6041973958675709
0,0,0.3180314552598962
0,0,0.34473385004849855
1,0,0.4543168301253351
0,0,0.2665609002685657
1,1,0.5567780452980575
0,0,0.45244963933617005
0,0,0.2249463521369461
0,0,0.4613387039646057
0,0,0.38074512591326526
1,1,0.8949881485876602
0,1,0.5433033968459942
0,0,0.35950682364935277
0,0,0.27743884287249376
0,0,0.20610302829949928
0,1,0.5239637369576631
0,1,0.612866361040248
0,0,0.48894553281950676
0,0,0.3061858783228481
0,0,0.25199201922568015
0,0,0.4439043431344321
0,1,0.6775864190383906
0,0,0.3790439175187569
0,1,0.5464194933066528
0,0,0.34308650987617395
1,0,0.4676469936340561
1,1,0.5796500644022378
0,0,0.2886288617051842
0,0,0.30443966357736896
0,0,0.3085072421334475
0,0,0.3645002478071335
0,0,0.4526218725223667
1,1,0.8949881485876602
0,0,0.2734261801679446
0,1,0.5030741844294003
0,1,0.8650737501365022
0,0,0.3615356447688469
0,0,0.3746803583348509
1,1,0.5730075303318138
0,0,0.43611947611912727
0,0,0.36807810396892754
0,0,0.3183563450508722
0,1,0.5437950248489921
0,0,0.30443966357736896
0,0,0.4629974260460881
0,0,0.43557525884758796
1,0,0.3364064199391385
0,0,0.10674752420151053
0,0,0.20265357449768695
0,1,0.5732363520934366
0,0,0.456868489794663
1,0,0.3395822715760945
0,0,0.34473385004849855
0,1,0.6578220330227889
0,1,0.5231994228590366
0,0,0.4543168301253351
1,0,0.46654018446627116
0,0,0.39509004872986364
0,0,0.30197821889917337
0,0,0.4082578553398658
0,0,0.4935933707535915
0,1,0.5138923576389464
0,0,0.4849881765591469
1,1,0.8563229240064841
0,1,0.5052547823435587
0,0,0.4253247276885684
0,0,0.41925373553929274
0,0,0.32147442218024375
0,0,0.32147442218024375
0,0,0.27660795047005515
0,0,0.3564860732716366
0,1,0.6007424952359883
0,0,0.4134239701926674
0,0,0.38874642040756857
1,1,0.6007424952359883
1,0,0.39961313326098985
0,0,0.38874642040756857
0,0,0.46876530124867183
0,0,0.4822094608498845
1,1,0.8355736893202061
1,1,0.5937228335471977
1,0,0.41691226272656606
0,0,0.315407449999755
0,0,0.35506674594717336
0,0,0.47945512568455445
0,0,0.19982863990492744
0,0,0.35174053055820603
0,0,0.2873513825845487
0,0,0.3067861980324531
1,1,0.5061798186796619
0,0,0.32681304591003046
0,0,0.28250246262671846
0,0,0.40726320559009416
1,1,0.6183329118634653
0,0,0.43309486521515544
0,0,0.4191601660667854
0,1,0.5090673869556833
0,1,0.5203526035993239
0,0,0.2590034916239862
0,0,0.30443966357736896
0,0,0.36436953837789027
1,0,0.41670528866992834
0,1,0.543576243768631
0,0,0.30443966357736896
1,0,0.33374396087619684
0,0,0.1888095553700932
0,0,0.4286069857555649
0,0,0.28387656807340605
0,0,0.4054432375159723
0,0,0.389649776532258
0,1,0.6176206700552557
0,0,0.3364064199391385
0,0,0.3365775578420647
0,1,0.5974950838837988
0,0,0.47607610985996207
0,1,0.6002928716015686
0,0,0.37606218105442
0,0,0.31683838060938624
0,0,0.4382995781604518
0,0,0.4398550713545792
0,1,0.535685913209567
0,0,0.4701528661236538
0,1,0.594235859078155
0,0,0.35117340637566585
0,1,0.5222623153657189
0,0,0.3336442919478959
0,0,0.3746012512904181
0,0,0.30443966357736896
0,0,0.27103204353475047
0,0,0.3364064199391385
0,1,0.5536245874065813
0,0,0.3308955363057928
1,1,0.5635084251347102
0,0,0.328390583350296
0,1,0.564775680829821
0,1,0.6303055756867483
0,0,0.41834716230856167
0,0,0.24541475267175622
0,0,0.41604513511423125
1,0,0.41946075295172575
0,0,0.4340919279322387
0,1,0.5547790275030546
0,1,0.622179035734348
0,1,0.5824648596591663
0,0,0.2660897560608309
0,0,0.43841117673436314
1,1,0.854937063677031
0,0,0.46621406376900837
1,0,0.3910224402212621
1,0,0.4035262053472828
0,1,0.6282856578980883
0,0,0.3669095733055969
1,0,0.3364064199391385
0,0,0.35394310898054665
0,0,0.3137511941275793
0,0,0.21231357572131307
0,1,0.5715808013068763
0,0,0.09197931726730385
0,0,0.3488528847348213
0,0,0.46648678644932123
0,0,0.3167829627504053
0,0,0.32147442218024375
0,1,0.5166128138835313
0,0,0.36735821812595043
1,1,0.6205323977357392
0,1,0.5149435767871916
1,1,0.5236504235904649
0,1,0.5152634499875088
0,0,0.365492233650851
0,0,0.14994764459691187
0,1,0.6719917550796257
0,0,0.3749749242215832
0,0,0.4054432375159723
0,0,0.15216889353017987
0,0,0.47981626491714824
0,1,0.5372349400279827
0,1,0.5263309193247625
0,1,0.6957404552211947
0,0,0.30443966357736896
0,0,0.312249400559726
1,1,0.7458390026039109
0,1,0.5835711433794133
0,0,0.27660795047005515
0,0,0.30443966357736896
0,0,0.37730395519560955
0,0,0.2551225263500171
0,0,0.4778929239227129
0,1,0.7862824874732472
0,0,0.4365366887895398
1,0,0.3932101981070582
0,1,0.5243175994039109
0,0,0.42139204633803123
0,0,0.47952596182075236
0,0,0.4382472036300192
0,1,0.5054681782900657
0,0,0.2690370773611322
0,0,0.26088652279741403
0,0,0.4684354338278285
0,0,0.377770422331784
0,1,0.6455472341374411
0,0,0.30443966357736896
0,0,0.44494736127646395
0,0,0.3833570800387929
0,0,0.25396613485490604
0,1,0.5481919431283863
0,1,0.5923395455662321
0,1,0.6732860883664972
0,0,0.34473385004849855
1,0,0.48982047068036494
0,1,0.5810300381138348
0,0,0.3824571155147746
1,0,0.39839428736658533
0,0,0.18842892413992185
0,0,0.36777216791371437
0,0,0.4387139259556396
0,1,0.6225779228447973
0,0,0.47740166681199714
0,1,0.5193567412761564
0,0,0.23090501868192606
0,1,0.5139869283954551
1,0,0.3183086175041549
1,0,0.07716586194496744
0,0,0.19336574458782232
0,1,0.5921067470471916
0,0,0.46356903345203526
0,0,0.3754582414401065
0,1,0.5608155933864536
0,0,0.26350622958159997
0,0,0.2871593776310063
1,0,0.4126128971536038
1,1,0.8243488938618287
1,1,0.879081657837643
0,0,0.172056138735121
0,1,0.6735458790078536
0,1,0.5052542008231902
0,0,0.3541865346815032
1,0,0.3541865346815032
1,1,0.5365442422901909
0,1,0.6398270784690606
0,0,0.3875587511340735
0,0,0.37577919699085394
0,0,0.3185736983193666
1,1,0.866010794070792
0,0,0.08329541849735389
0,0,0.34495936793142884
1,0,0.35506674594717336
0,0,0.4054432375159723
0,0,0.27660795047005515
0,0,0.46237368070688206
0,1,0.5025988862347053
0,0,0.39438703187497043
0,1,0.5130746673897137
1,1,0.8949881485876602
1,1,0.5534117821394772
1,1,0.5813528664141158
0,0,0.39387247137333914
1,1,0.6215907083977781
1,1,0.8673989857589653
0,0,0.4519853653519594
0,1,0.8192318895186435
0,1,0.8769864952497411
0,0,0.4679029542720562
0,0,0.3364064199391385
0,1,0.8949881485876602
0,0,0.28972430163164975
0,0,0.34473385004849855
0,0,0.4614836363652244
0,0,0.16975607440169077
0,0,0.4498165470032315
0,0,0.49879856804977546
1,0,0.1592958237555117
0,1,0.6150692276852701
1,0,0.33374396087619684
1,1,0.5722137914900166
0,0,0.1280784006777298
0,0,0.43639625711405683
0,0,0.25382900794707197
0,0,0.33634560101835953
0,1,0.52059774491413
1,0,0.3364064199391385
0,0,0.271777547415444
0,1,0.5860050465247326
0,1,0.6408068431214706
0,0,0.44156467719523995
1,0,0.4260478828100214
0,1,0.5377958377193128
0,1,0.668248933395794
0,1,0.5829132903779296
0,0,0.45336686432664974
0,0,0.43095459508329925
0,0,0.4082578553398658
1,1,0.5969595861788847
0,0,0.3335112139727084
1,1,0.6715855543888466
0,0,0.25515469806862606
0,0,0.30443966357736896
0,0,0.3499486615789971
0,0,0.45409401838076274
0,0,0.3420164291332246
1,1,0.8949881485876602
1,1,0.7760966592679016
0,0,0.34473385004849855
1,0,0.4193476645849148
0,0,0.38874642040756857
0,0,0.4833909185989927
0,1,0.6549152033283074
0,0,0.40256659788387317
0,0,0.34473385004849855
0,0,0.436852822083067
0,0,0.4473338780240868
0,0,0.46932515007127973
0,0,0.2833442918699681
0,0,0.3940034199120866
0,0,0.3342154480580067
0,0,0.4460005597201819
0,0,0.47071185390954107
0,0,0.4623279507684332
0,0,0.3364064199391385
0,1,0.6493703574806496
0,0,0.4054432375159723
0,0,0.25382455605004833
0,1,0.6071601235518423
0,0,0.4046016584867667
0,0,0.29088594208369056
0,0,0.4420906101565372
0,0,0.47600685451848956
0,0,0.3067585120431326
0,0,0.17690988132633162
0,0,0.3122364270984419
0,0,0.33285289317955863
1,1,0.5457033140696745
0,0,0.3273063548917086
0,0,0.28267603370513444
0,0,0.383316371954754
0,0,0.45636375677084895
0,1,0.6399167186610161
0,1,0.7760966592679016
0,1,0.5443159786351391
1,0,0.16852432733015177
0,0,0.17117149160321585
1,1,0.5488944586542931
0,0,0.39260545093494903
0,0,0.3914098900212388
0,0,0.2917826964615951
0,1,0.8315050689386564
0,0,0.400820193357041
0,0,0.33374396087619684
0,1,0.5383708691756297
0,0,0.3545393194173715
0,1,0.6046111486049327
0,0,0.48084053261070386
0,0,0.4406801183913146
0,0,0.356346827667396
0,0,0.27660795047005515
0,0,0.39582527915318705
1,0,0.422187640722767
0,1,0.5460276799575271
0,1,0.613292230453973
0,0,0.4408433037630521
0,0,0.3683030047873238
0,0,0.22300215161958106
0,0,0.34473385004849855
0,0,0.456818066389969
0,0,0.35506674594717336
0,1,0.5191064962832499
0,1,0.6945652996318215
0,0,0.1380264984467059
0,1,0.5236183397580144
0,0,0.4224968098772011
0,0,0.37828497423597923
0,0,0.42389901187551654
0,0,0.4449318664275364
0,1,0.6046014559170153
1,1,0.8754082112882117
0,0,0.3364064199391385
0,0,0.33374396087619684
0,1,0.6328511381755453
0,0,0.3376330331559265
0,0,0.36392735247140834
0,0,0.3364064199391385
0,0,0.271098453202514
0,1,0.6579620112418538
0,0,0.3364064199391385
0,1,0.6152852517758244
0,0,0.4314354331159234
0,0,0.30825368262386704
0,0,0.34473385004849855
1,1,0.5868371858398157
0,0,0.3786258913407594
0,0,0.34473385004849855
0,0,0.14997771781948258
0,1,0.6525456029591913
0,0,0.2860877402333088
0,0,0.4340720838772769
0,0,0.32147442218024375
0,1,0.6455379574127952
0,0,0.4352655280991133
0,0,0.44357527509379513
0,0,0.38874642040756857
0,1,0.5152723782999361
0,0,0.3364064199391385
0,1,0.5964020279715597
0,0,0.17831943004706227
1,0,0.44670209827802326
0,1,0.6372304683972955
1,1,0.6428428140168299
0,0,0.34473385004849855
0,1,0.5845193828270704
1,0,0.34721742127620464
0,0,0.29685308664576987
0,1,0.520090593389809
0,1,0.6831709935290693
0,0,0.422037211024592
0,0,0.27802379110436143
1,0,0.1141812467041306
0,0,0.38509604172583056
0,1,0.6034689474539142
0,1,0.603652613250698
0,0,0.30443966357736896
0,0,0.19462543715705372
0,1,0.8598362131410041
0,0,0.4380971256111145
0,1,0.8823540479528935
0,0,0.30443966357736896
0,0,0.2526554761370925
0,0,0.10549080137697953
1,0,0.44446249181792663
0,0,0.340791602312155
0,1,0.6004592018629069
1,0,0.34473385004849855
0,1,0.590418870294222
0,0,0.4062565435092428
0,0,0.4267775417430155
0,1,0.6689451386925439
0,0,0.4213370959913675
0,0,0.46436506721296744
0,1,0.6515038936540277
0,0,0.47719195676789167
0,0,0.45705429002028475
0,1,0.8928262673237982
0,0,0.1988189330821943
1,1,0.6866724356924023
0,0,0.48871875443272417
0,0,0.17258512064692436
0,1,0.5214011045142438
0,0,0.4182054296506877
0,0,0.3462053127076902
1,0,0.4439058815193879
0,0,0.4052986009007369
1,0,0.49283282123881766
1,1,0.6701925698361612
1,0,0.3043445710007818
1,1,0.9685848314743174
0,0,0.4230777115483129
0,0,0.16425967034763175
0,0,0.457853665091804
0,0,0.36295658027716865
0,1,0.5637808339492203
1,1,0.6220969184558991
0,0,0.19448027991285205
0,0,0.34473385004849855
0,0,0.32688670794937585
1,0,0.42945479759709787
0,1,0.5149729327120681
0,0,0.32950207258370445
0,0,0.2923893498117829
1,0,0.4903904945567346
0,1,0.5683006240689131
0,0,0.3588496673258425
1,1,0.7760966592679016
0,0,0.45360724610301983
0,0,0.4409801776687182
0,0,0.3123973712113624
0,0,0.34473385004849855
0,0,0.14755969231136043
0,0,0.2804429455038784
0,0,0.418477248671391
0,0,0.12973039442261083
0,1,0.6169576906055528
0,0,0.4607920571172466
0,0,0.2810768847238147
0,0,0.39017617010353084
0,0,0.21399528424868677
0,0,0.38290514140627435
0,1,0.8052225634306057
0,0,0.2196169384083683
0,1,0.7615429857827826
0,1,0.5995565430157797
0,0,0.45769567851940973
0,1,0.646402969479751
0,0,0.3762133526888703
0,0,0.34721742127620464
0,0,0.3365775578420647
0,0,0.42728282454199706
0,0,0.31250146533434653
0,1,0.6067439825526053
0,0,0.32233078804244314
0,0,0.0829878493652179
1,1,0.6032754653600019
0,0,0.257975234275605
0,0,0.393092299286262
1,1,0.661273915523066
1,1,0.5934185009739426
0,1,0.702724620812898
0,0,0.29319513677920267
0,0,0.33374396087619684
0,1,0.5851703466514762
0,0,0.31383907578200715
0,0,0.3800839188277531
0,0,0.1755370200456094
0,0,0.3524582117676853
1,1,0.8348240107691396
0,1,0.5096188302341199
1,1,0.6196832724675232
0,0,0.41795314684037876
0,0,0.3364064199391385
1,0,0.4476963456046585
1,0,0.48648021005064945
0,0,0.4381058396260472
0,1,0.8653036960728954
1,1,0.6007424952359883
0,0,0.3601298460601672
0,0,0.4391682158449145
0,0,0.296544755349348
0,1,0.802265242236671
0,1,0.5594610496167928
0,0,0.41711214246655737
0,0,0.40137069380774776
0,0,0.2760335921781336
0,1,0.587975202139527
0,1,0.5757882269681975
0,0,0.35330559504377423
0,1,0.5741705811337087
1,1,0.866010794070792
0,1,0.6167875860331572
0,1,0.6275363588123213
0,0,0.4853402603029825
0,0,0.31229188651111595
0,0,0.44357527509379513
0,0,0.11061189235004121
0,0,0.4358316179737849
0,0,0.4054548865826257
0,0,0.34473385004849855
0,1,0.5730075303318138
0,0,0.40392731556758577
0,0,0.4643548491635
0,0,0.29575048116360564
0,0,0.4645068870044532
0,0,0.21748119340869249
0,0,0.43282230762852986
0,0,0.4398079260264335
0,1,0.5465191756615297
0,0,0.30443966357736896
1,1,0.6545863953002828
0,0,0.3364064199391385
0,0,0.24469677840807633
0,0,0.2816918269377941
0,0,0.4028459404075574
0,0,0.3364064199391385
0,0,0.2806050959369496
0,0,0.31138555401638957
0,0,0.30202903357833505
1,0,0.2957976755326437
0,0,0.37941110822456064
0,1,0.6280186024812358
0,0,0.3808246345603316
0,1,0.6535109051354637
0,1,0.6344399927530799
0,1,0.5209318603261748
0,1,0.7878515950671853
1,1,0.5501521485192696
0,1,0.5239130233021116
0,0,0.37077560266385723
0,0,0.305598878678368
0,0,0.36211859758781223
0,0,0.3490700719208885
0,0,0.4195665587322819
0,0,0.27660795047005515
0,1,0.7199005902776213
0,1,0.5018405818507119
1,1,0.6676772336468829
1,0,0.45302098260404067
0,0,0.24680394464608507
0,0,0.4696392243864987
0,1,0.5667651186383277
0,0,0.38874642040756857
0,0,0.4699594303648153
0,0,0.30443966357736896
0,1,0.6453251696279758
0,0,0.38874642040756857
0,1,0.7363048694851345
0,0,0.4592407800552193
0,0,0.33374396087619684
0,1,0.6541693886410509
0,0,0.4855950962339161
0,0,0.32147442218024375
0,0,0.27660795047005515
0,0,0.389796358848247
0,0,0.30443966357736896
0,1,0.6092322929978118
0,0,0.3616973558277701
0,0,0.1789758715775907
0,0,0.3364064199391385
0,0,0.2693180603619768
0,1,0.6120286304737461
0,0,0.34473385004849855
0,0,0.43411188258200567
0,0,0.21009946714618835
0,0,0.43580328090740766
1,1,0.5603849374414318
1,0,0.48022982598043323
1,1,0.5505719585594786
0,0,0.4288215546575132
0,0,0.38874642040756857
0,0,0.1075625982071345
0,0,0.3013431357656968
0,1,0.5835778853121855
0,0,0.27175363335488484
0,0,0.37607153202971183
0,0,0.2910300239597111
0,0,0.27640275268333997
0,0,0.25176971977539336
0,0,0.4321479535411205
0,0,0.4658887438354743
0,0,0.44023429341109066
0,0,0.45140702442186176
0,1,0.6392067570609091
1,1,0.8208294529154572
0,0,0.42938189393032933
1,0,0.42175208722439417
1,0,0.44828750867900197
0,0,0.45956401066234637
0,1,0.818597060301571
0,0,0.4418518331104183
0,1,0.5285930243945672
0,0,0.45529785438312664
0,0,0.4152081968291689
0,0,0.27660795047005515
0,0,0.4371942487414174
0,0,0.38874642040756857
0,0,0.3819278232240309
0,0,0.4328142434976936
0,0,0.38874642040756857
1,1,0.5203607978251037
0,0,0.26679164907291614
0,0,0.43989941082823
0,1,0.7031357259388584
1,1,0.5438775513526443
1,0,0.3364064199391385
0,0,0.38532364426382065
0,0,0.4828505963654858
0,0,0.35233164276111834
1,1,0.8653036960728954
0,0,0.3364064199391385
0,0,0.27329585390159244
0,0,0.2660436474323249
1,1,0.7439682045630215
1,1,0.6610778136395271
0,0,0.16636781593318392
0,0,0.4456744683072853
0,0,0.3010909031153879
0,0,0.37828497423597923
0,0,0.4467068624865636
1,1,0.6135640083471823
0,0,0.43920450973788283
1,1,0.6930295852049033
0,1,0.5198153976518269
0,1,0.8149465108614362
0,0,0.37828497423597923
0,0,0.4298934412968488
0,0,0.38874642040756857
1,0,0.4417172278615549
1,0,0.09520401569157942
0,0,0.4178377599898178
1,0,0.27660795047005515
0,0,0.47607455899834705
1,0,0.44353914386331644
0,0,0.4456179886710373
0,0,0.34473385004849855
1,1,0.6007424952359883
0,0,0.4448007586667197
0,0,0.2162823163687413
0,0,0.4807151324511633
0,0,0.24363491270654303
0,0,0.4147571934926486
0,0,0.4747694802433573
0,0,0.275012747863712
0,1,0.8275811648770687
0,1,0.5929551193991495
0,0,0.37828497423597923
0,0,0.23400074306291505
0,0,0.492852967326172
0,0,0.35130067233439427
0,0,0.32387348034003743
0,1,0.6070938160879328
1,1,0.7026177131357656
1,1,0.6340952965389968
0,0,0.44495591758382974
0,0,0.37828497423597923
0,0,0.4356272318993094
1,0,0.4975497432779625
0,0,0.294061994697666
1,1,0.6487331160761629
0,1,0.6980970137629178
0,0,0.2201001937687698
0,0,0.43724363439735814
0,1,0.6207958222248552
0,0,0.18498568935154913
0,1,0.5415875757610061
0,1,0.8865620653248972
1,0,0.49577693978051235
1,0,0.3458399278312039
0,0,0.18233701094667587
0,0,0.45679951177401484
0,0,0.3673661470494425
0,0,0.3364064199391385
0,0,0.38874642040756857
0,0,0.2175775470321218
0,0,0.27660795047005515
0,0,0.39960856676258416
0,0,0.3823563073795451
0,1,0.5845145834546505
0,0,0.37778360427991997
0,0,0.27307121273285795
1,0,0.32623389141510456
0,0,0.29111457894338444
1,0,0.3461050181444178
0,0,0.466177972851462
0,0,0.3601055126292322
0,0,0.28467172992307194
0,1,0.5827277873555724
0,1,0.600326523517907
0,1,0.5614098411823027
1,1,0.8949881485876602
1,1,0.7353154221129863
0,0,0.3922926414214734
0,0,0.33374396087619684
0,0,0.3637441434271068
0,0,0.27660795047005515
0,0,0.32147442218024375
0,1,0.5730075303318138
0,0,0.4414111443087449
0,1,0.5673818370851492
0,1,0.5977965776772995
1,1,0.6007424952359883
0,0,0.3364064199391385
0,0,0.3896731897962239
0,0,0.31876289852431
0,0,0.3654179828797403
0,0,0.2352206889653442
0,0,0.48094483523937
0,1,0.7310817501964869
0,0,0.3418127540185328
0,0,0.2956807879935244
0,0,0.4619721818178824
0,0,0.4492632953753041
1,1,0.8653036960728954
0,0,0.4270454715334253
0,1,0.6149020269561903
1,0,0.42798539221366794
0,0,0.4398312983694533
0,0,0.41972045114757023
0,0,0.42909882435528474
0,0,0.44578255646477233
0,0,0.13569251550977163
0,1,0.6007424952359883
1,0,0.4450845787110607
0,0,0.3364064199391385
1,1,0.6073737769183739
0,0,0.2611827211234885
0,0,0.4255811228788516
0,1,0.5473979601815973
0,0,0.43474291730893994
1,1,0.6301966832231499
0,0,0.37178160481357747
0,0,0.4675906591848523
0,1,0.6476465362903026
0,0,0.4634759933455749
0,1,0.610811202359485
0,0,0.4841665411538228
1,1,0.8769864952497411
0,0,0.49630646206668694
0,0,0.459381215549847
0,1,0.6505893689444593
1,0,0.3304063087276522
0,1,0.8769864952497411
0,1,0.6209639001151362
0,0,0.41485622039733183
0,0,0.4182884763370474
0,0,0.11015819927139597
0,1,0.5104694894337232
0,1,0.6175265797298336
0,0,0.3931800830806302
0,1,0.7931416232988195
0,0,0.469146778966337
0,0,0.3884080535598646
1,1,0.5081650991010322
1,1,0.593036613024901
1,0,0.33674467535668356
1,1,0.8824952661576958
0,0,0.35619505311129224
1,0,0.3857426312286326
0,0,0.4150016053921622
1,0,0.32822459990024744
0,0,0.4082578553398658
0,1,0.7015398693130741
1,1,0.8917997824953806
0,0,0.3665782653026416
0,0,0.30242376201152665
0,0,0.35124988016337755
0,1,0.5730075303318138
0,1,0.5961375652570573
0,0,0.4790952025819033
0,0,0.46721553316981784
0,0,0.2787283614711144
0,0,0.49111770175500946
0,0,0.3060363985376443
0,0,0.2420169790368559
1,1,0.8602884760716749
0,1,0.5074496755904133
0,0,0.2857824813947791
1,1,0.6087630442343521
0,0,0.43217605939134945
0,0,0.2755693758552487
0,1,0.6007424952359883
0,0,0.3782448919719271
0,1,0.5614677739215715
1,0,0.45192169542689403
0,0,0.2930970580318537
0,0,0.4834904872589859
0,0,0.18580497141102223
0,0,0.3487809200175167
0,1,0.5205769613456228
1,0,0.3504037547520293
1,1,0.7833572184430502
0,1,0.5359708720049313
0,0,0.23549843220183228
1,0,0.4087805986351348
0,0,0.46172294056718965
0,0,0.3582512394684081
0,0,0.32147442218024375
0,0,0.0780282413857052
0,0,0.47464249957383653
1,0,0.43744729287520956
1,0,0.37195705831185294
0,0,0.45032550212295985
1,1,0.618773046868162
0,0,0.37828497423597923
0,0,0.17426099541825626
1,0,0.32147442218024375
0,1,0.6242804051500374
0,0,0.4480147174627103
0,0,0.3057315439409843
1,1,0.8653036960728954
0,0,0.39648782424328843
0,1,0.5730075303318138
0,0,0.38089230667593293
0,0,0.42531500900619423
0,0,0.2820658606331818
0,0,0.4796018711105872
0,0,0.22298357596971904
0,0,0.29961352516799505
0,1,0.505422963505137
0,0,0.48988593788025653
0,0,0.4593355790690199
0,1,0.7589588368539034
0,0,0.3861849763778379
0,0,0.41993032210210773
0,0,0.42065202192349743
0,0,0.4283835282337507
1,1,0.6435244049726851
1,1,0.8700825970244024
0,0,0.34473385004849855
0,0,0.34473385004849855
0,0,0.4411226419802928
1,1,0.8949881485876602
0,0,0.3541289072134095
0,0,0.30072155603574136
0,0,0.3045416546204328
0,0,0.49946117828037306
0,1,0.6721498312642186
0,0,0.4681057248148291
0,0,0.38874642040756857
0,0,0.3011187843224211
1,1,0.6719840434609019
0,1,0.6103128490699745
0,0,0.4478234358444764
0,0,0.3364064199391385
0,0,0.21953126318110108
0,1,0.6995027196986551
0,0,0.4300283875419142
0,0,0.3894336783166433
0,0,0.12742557615308553
1,0,0.45369334074897916
0,1,0.6442741675629043
0,0,0.3940275953947177
1,1,0.7006386166622646
0,0,0.49677092970709735
1,0,0.34473385004849855
1,0,0.4681775234846961
0,1,0.6469663296032091
0,0,0.23881960498621446
0,1,0.603798354589586
0,0,0.41147932779912444
0,0,0.48333297920298507
0,0,0.3146294155106366
1,1,0.7931416232988195
0,0,0.37828497423597923
1,1,0.5222928651175163
0,0,0.33374396087619684
0,0,0.26933820602670056
0,0,0.3364064199391385
0,0,0.38065018087351415
0,1,0.5276472799903449
0,0,0.4193682952366724
0,0,0.32147442218024375
1,0,0.43243562308342226
0,0,0.4752243149098685
0,1,0.7797239483726282
0,0,0.2601547045003255
0,0,0.43185566826202276
0,1,0.8653036960728954
0,0,0.10187898749980609
0,0,0.44628588625843435
0,0,0.42798539221366794
0,0,0.4519973226235268
0,0,0.4853780800116349
0,0,0.34068903105063075
1,0,0.27660795047005515
0,0,0.46649943212896655
0,0,0.41374840020956255
0,0,0.1475644605557333
0,1,0.6388834742804076
0,0,0.3411563519029892
1,1,0.5957786429171126
0,0,0.22906164175412005
0,0,0.2863534991611906
0,0,0.37828497423597923
1,0,0.4789369101143892
0,1,0.7609381770386497
0,0,0.3673280358672774
0,0,0.3641440745218394
0,0,0.47327566987839964
0,0,0.22672921152191935
0,0,0.4082578553398658
0,0,0.30443966357736896
0,0,0.33374396087619684
0,0,0.4566262161463625
0,0,0.21166493644042797
1,1,0.831531957280849
0,1,0.5852574952115959
0,0,0.14661844635045757
0,0,0.4679119442690793
0,0,0.35109872185298263
0,1,0.7962222219293649
0,1,0.503656317460614
0,1,0.6490506495549506
0,0,0.35988703223015855
0,0,0.4274233565332217
0,0,0.18415099680829722
0,0,0.21383820896263564
0,0,0.4605637810424546
0,1,0.6591198703174879
0,0,0.33909770914044807
0,0,0.34473385004849855
0,0,0.44107063169047234
0,0,0.45586743106963984
0,0,0.3294465881874192
0,0,0.44905510010026395
0,0,0.13647597670654057
0,1,0.8949881485876602
0,0,0.4327478760636186
1,0,0.44641210896214
0,0,0.278995696792275
1,0,0.4670461254084308
0,0,0.2036419256443429
0,1,0.7817463619988689
1,0,0.38062553813872024
0,0,0.30443966357736896
1,1,0.5759051859977239
1,0,0.2603857016801764
0,0,0.37909440197852623
0,0,0.1844351211886276
0,1,0.7983874497814262
0,0,0.4926069874409354
0,0,0.46471762632449753
0,0,0.33318143429868274
0,1,0.7449534443607377
0,0,0.4198005921680797
0,0,0.3361583109045226
0,0,0.42047454161953995
1,0,0.4029405111524725
0,0,0.36510879838284893
1,0,0.4542772872289981
0,0,0.2835632946246014
0,0,0.3764108021164012
0,1,0.8824952661576958
1,0,0.3534658730672139
0,0,0.3219496470023083
1,1,0.5905881848605351
0,0,0.35126366360692207
0,0,0.31574768685469917
0,0,0.269914535330562
0,0,0.46701716357906914
0,0,0.38059613672153714
0,0,0.47410027713469527
0,0,0.32147442218024375
0,0,0.4288125839185779
0,0,0.4082578553398658
0,0,0.37632255027330114
0,0,0.3734937953933781
0,0,0.43790483191239277
1,1,0.866010794070792
0,0,0.37243559065259113
1,0,0.4371598801159546
0,0,0.4354059912334652
0,1,0.5001361291175104
0,0,0.2088378388544031
0,0,0.10191081717424622
1,0,0.3552806145488305
0,0,0.49750492363162047
0,0,0.4525968332279816
0,1,0.6008001269410901
0,0,0.4388831778915484
0,0,0.4092217848219267
0,0,0.11115423225733555
0,0,0.28409344218436117
1,1,0.662217009423986
0,1,0.5869836778589268
0,0,0.30443966357736896
0,1,0.5444000698163054
0,0,0.3411684077841444
1,0,0.2264157638926829
0,0,0.46619707980592207
0,0,0.24178782393618484
0,0,0.4054432375159723
0,1,0.6007424952359883
1,0,0.49929071271220277
0,0,0.44463108432150783
0,0,0.46602405377767814
0,0,0.32147442218024375
0,0,0.3940474406219777
1,0,0.3364064199391385
0,1,0.645781765451512
0,0,0.3935297912443334
0,0,0.31944954060479697
0,1,0.6002928716015686
0,0,0.38874642040756857
1,0,0.32147442218024375
0,0,0.23914442395543958
0,0,0.27988847403361033
0,0,0.38874642040756857
0,0,0.22832627688787724
0,0,0.12154646768548441
0,1,0.5957341072666724
0,0,0.37828497423597923
0,0,0.3172449760762494
0,0,0.4082578553398658
0,0,0.4122685315364937
0,0,0.29896112880401
0,1,0.6287438340765267
0,0,0.4607477703810198
0,0,0.41261382649566847
0,0,0.42589279923596146
0,0,0.3532928803549793
0,1,0.6723833066794889
0,1,0.6647559526803292
0,0,0.36782175259129873
0,0,0.2436895852297429
1,0,0.44733382819064277
0,1,0.5507453085097166
0,0,0.45878736077735716
0,0,0.03851578758147695
0,0,0.39326362328791586
0,0,0.2147152028956863
0,0,0.37667374333533304
0,0,0.2948951038148678
0,0,0.08579712653118395
1,1,0.5129083956223554
0,0,0.28605640012910677
0,0,0.42780358902996873
0,0,0.43843624324571323
0,1,0.6561714345948775
0,0,0.4619465370484998
0,0,0.15482076997111094
0,1,0.6664320459862059
1,1,0.653797506386856
0,0,0.38893014549332267
1,1,0.7116383529978126
0,0,0.26470974913725254
0,0,0.32147442218024375
0,0,0.2698888126764538
0,0,0.34186285162901614
1,0,0.4423737627151083
0,0,0.4527596070880794
0,0,0.292447522685541
0,1,0.54771385541702
0,0,0.2914505480209648
0,0,0.43008065816741836
1,1,0.8653036960728954
0,0,0.4291264101654246
0,0,0.44683377509779276
0,0,0.4588388463415229
0,0,0.42554751880603975
0,1,0.7669667445238703
0,0,0.4471230853364342
0,0,0.27660795047005515
0,1,0.5586194409910467
0,0,0.3913274162078496
0,0,0.43157765292284783
0,0,0.44741560551258697
0,0,0.4451734276941685
0,0,0.30443966357736896
1,1,0.6578810828531894
0,1,0.6162256476954856
0,1,0.6520071324277518
0,0,0.14267598853186939
0,0,0.4344579601917025
0,0,0.32147442218024375
0,1,0.5173939107124247
0,0,0.42685496134374645
0,0,0.46133670428280804
0,1,0.5543591858535059
1,0,0.4728070051106779
0,0,0.3299515054495809
0,0,0.32147442218024375
1,1,0.5889185052716359
0,0,0.3684097594767794
0,1,0.5041454466112223
0,0,0.40522508259969275
1,1,0.6128743758134023
0,0,0.312249400559726
0,0,0.4629534537284632
0,0,0.19336574458782232
0,0,0.4299575001648411
0,1,0.8824952661576958
1,0,0.42622436315169865
0,0,0.465771907278769
1,1,0.6255674328542437
0,0,0.3631937437813728
0,0,0.34473385004849855
0,0,0.4446016364673351
0,0,0.4406076005400566
0,0,0.32748145586424665
0,0,0.23074413027379734
0,0,0.30443966357736896
0,0,0.1635919754824984
0,1,0.5482440399430664
0,0,0.4865269530481267
0,1,0.8083928669633651
1,0,0.45913062425638396
0,1,0.5459555467251762
0,0,0.3059909831771654
0,0,0.41847016476110366
0,1,0.8109244590917306
0,0,0.42906510511580126
0,0,0.381796114071026
1,0,0.3364064199391385
0,0,0.3020468891502078
0,0,0.1418049639927648
1,1,0.7316595716429328
0,1,0.5359350758953156
0,0,0.28775536775667365
1,1,0.583546069626205
0,0,0.32147442218024375
0,0,0.35352508522855247
0,0,0.4082578553398658
0,0,0.4112741732888986
0,0,0.18323893015540363
0,0,0.45215384180236856
0,0,0.4315676773496299
0,0,0.24219846349516896
1,1,0.6676441231009848
0,0,0.42669063743806274
0,1,0.6302109071864568
0,0,0.3312242860590259
0,0,0.176299861060378
0,0,0.4573990356482428
0,0,0.24104884106353863
0,0,0.23783363197389637
0,0,0.27660795047005515
1,1,0.82421280605226
0,0,0.38211729996337657
0,0,0.22180392732044488
0,1,0.7481768005589069
0,1,0.7081701375112998
0,0,0.4389368745832281
1,1,0.9556770719540635
0,0,0.4192969578841879
0,0,0.3750181070215236
0,0,0.40958929556196805
0,0,0.42143051416937327
0,0,0.3888133650049298
0,1,0.6051579243589414
0,0,0.29957190502919595
1,1,0.6037055760904722
0,0,0.4434502725999155
0,0,0.45627988276220655
0,1,0.8038633491022308
1,1,0.661384127158578
0,0,0.4294671768111529
0,1,0.5625382660805789
0,1,0.692651206484452
0,0,0.45993993752576695
0,0,0.4485730097390974
0,0,0.48198002852436894
0,0,0.4547770963610511
0,0,0.20064303375321713
0,1,0.5980830685921756
0,0,0.3541865346815032
1,1,0.8537668380995911
0,0,0.43224773583498666
0,0,0.19462543715705372
0,1,0.550477333233372
0,0,0.24454824723547264
0,1,0.8629271691438535
0,0,0.24018847879037405
0,1,0.6528787116052204
0,0,0.47842265031269376
1,0,0.4275157080689616
1,1,0.8737815167155437
0,0,0.4162533336982428
0,0,0.32505097503560987
1,0,0.3363883314816552
0,0,0.34732355329538966
0,0,0.1749540049062529
0,1,0.5414930857849497
1,0,0.4924655562427611
0,0,0.2567580067338778
1,0,0.4368528572981588
0,0,0.42818853957910125
0,1,0.6506662507716284
0,1,0.6661323044837844
0,0,0.3644647062772133
0,0,0.25418124295488764
0,0,0.36876756430125834
0,1,0.5910121418635802
0,1,0.5116774349000854
0,0,0.21335907730969234
1,0,0.3223286377989333
0,1,0.585895399119516
0,0,0.4246671769888563
1,0,0.37501922453109837
0,0,0.3599057487099236
0,0,0.24930767037445423
0,0,0.23402008840510904
0,0,0.4082578553398658
0,0,0.457083974299063
0,1,0.5609217137620633
0,1,0.565349798102303
0,0,0.4400379006704485
0,0,0.4862098608144864
0,0,0.40806944080591107
0,0,0.20723650077312675
0,0,0.3694581696512638
0,0,0.4371696859249286
0,0,0.2338018310512477
0,0,0.2712360704538512
0,0,0.34473385004849855
0,0,0.4946287226432487
0,0,0.13551694048262838
0,0,0.4530807084081391
0,0,0.2866620764370188
0,1,0.6678714364356748
0,1,0.5146203039758724
0,0,0.489291264089305
0,0,0.30443966357736896
0,0,0.34473385004849855
0,0,0.2570151938260292
0,0,0.4537710488149098
0,0,0.3557323422049936
1,1,0.6928000082291753
0,0,0.445023417266564
0,0,0.2649421922946588
0,0,0.31795199244278244
1,1,0.6759209024268443
1,0,0.38382535803690804
0,0,0.4082578553398658
0,1,0.7754172822959335
1,1,0.6501362112050494
0,0,0.3764506463136468
0,0,0.4546875938877514
0,0,0.465016308010602
0,0,0.34110776195053155
0,0,0.436134439508351
0,0,0.44695040037058276
1,1,0.8008272860836066
0,0,0.44801285101311994
0,0,0.27660795047005515
0,0,0.34473385004849855
1,0,0.05654881000573846
1,1,0.6043540671506189
0,1,0.532788747917231
0,1,0.5907665841102087
0,0,0.3297959675349205
0,0,0.20336510210703418
0,1,0.5730075303318138
0,0,0.31588458433544464
0,0,0.38874642040756857
0,0,0.4143662634445421
0,1,0.677618010657212
0,0,0.4054432375159723
0,0,0.458063861728018
0,0,0.3799372125895797
0,0,0.48956627713664413
0,1,0.6752639682437104
0,0,0.3169368748232214
1,1,0.905742210725647
0,0,0.2740906340399218
0,0,0.41165599733030883
0,0,0.33045054041079763
1,1,0.6007424952359883
0,1,0.5924266860081165
0,1,0.5736525436340796
0,0,0.4269995373380039
0,0,0.4397758479908055
0,1,0.5253501777973774
0,0,0.45172050644760725
0,0,0.34729410890975826
0,0,0.17223961482003308
0,0,0.10341484016716211
0,0,0.3658337188162126
0,0,0.21124778029300065
1,0,0.38322045553961825
1,1,0.8371651932244478
1,1,0.8313428318999403
0,0,0.30443966357736896
0,0,0.35078376521340016
0,1,0.5522889107642367
0,0,0.2888433632440392
0,1,0.5795341738193723
0,1,0.5881254580210569
1,0,0.37828497423597923
0,0,0.4447123965319152
0,0,0.32147442218024375
0,0,0.4703128736864011
0,0,0.4148022650452657
0,0,0.2535032201923711
0,1,0.6329499352335914
0,0,0.34301361635612115
0,0,0.4449619642820211
0,1,0.7398559675572249
0,0,0.38657595383368504
0,0,0.34721742127620464
1,1,0.577707218025973
0,0,0.3219496470023083
0,0,0.3288827671305271
0,0,0.44001620689085785
1,1,0.7483523048684816
1,0,0.3929781497159922
0,0,0.34500401798879493
1,1,0.5730075303318138
0,1,0.5255367253190234
1,1,0.8981415654176246
0,0,0.2681599178851956
0,0,0.424624067042005
0,0,0.457975991761005
0,0,0.4364388169213816
0,0,0.3998857419548101
1,0,0.2831028903984181
0,0,0.4750605510840615
0,0,0.20284080256142456
0,0,0.4082578553398658
1,0,0.3122786477904305
0,0,0.20794954483937458
1,1,0.5310902937444059
0,0,0.3043445710007818
0,0,0.3364064199391385
0,1,0.5881660212839787
0,1,0.7444765590899923
0,1,0.5921067470471916
0,1,0.5921067470471916
0,1,0.5082878256158555
0,1,0.5146349757105086
0,0,0.07149693427446546
0,0,0.23742749798554474
0,0,0.11956730774150948
0,1,0.5760213568111747
0,0,0.3323649621587603
0,0,0.3197080904637225
0,0,0.4570844460509489
0,0,0.441375381926546
0,1,0.6007424952359883
1,0,0.3643471287467947
0,0,0.390599327835277
0,0,0.4577346273218001
0,0,0.3134675700672482
0,0,0.3993881901293335
0,1,0.5840710879705424
0,0,0.3364064199391385
0,0,0.10814329099373293
0,0,0.4500219514262655
0,0,0.45101719979094446
0,0,0.4916939905412262
0,0,0.31295073400212486
0,0,0.2763314911525204
1,0,0.2755167458291796
0,0,0.27660795047005515
0,0,0.34356801028617745
0,0,0.3778344976027637
0,0,0.4376637769633073
0,0,0.4128926413765927
1,1,0.6122625726552191
1,1,0.546556299187456
0,1,0.5424560265542503
1,0,0.46496651210057566
0,0,0.4662347599272674
0,0,0.2527854568681826
0,0,0.2984153768501289
0,0,0.3363520802939228
1,1,0.5956880958906635
0,1,0.8949881485876602
0,0,0.12432473036634857
0,0,0.32147442218024375
0,1,0.6471615798782645
1,0,0.4053038270286685
0,0,0.38159575643919486
0,0,0.40509887745461165
0,0,0.4360140870633773
0,0,0.30443966357736896
0,0,0.3073745891271312
0,0,0.20308195934791892
1,1,0.8355735284474707
1,1,0.5036786598316507
0,0,0.4813037473749853
1,1,0.6194696769678447
0,0,0.3974051288060595
0,0,0.33659533740420106
0,0,0.4831919598429106
1,1,0.6496366522161918
0,0,0.429997860446564
0,0,0.49448034465536433
0,0,0.14482485189268762
1,0,0.3203963094403408
0,0,0.39200128310293497
0,0,0.37261970436965797
1,0,0.3141215271923755
0,0,0.4168241070734687
0,1,0.5378527118136023
0,1,0.7931416232988195
0,0,0.3288584789714394
0,0,0.25004758155278745
0,0,0.2321127463959982
0,1,0.5139202377521955
0,0,0.4055338056022484
0,1,0.582473750196094
0,0,0.40576927087483255
0,0,0.2601547045003255
0,1,0.5353653582091453
0,0,0.4657328467154932
0,0,0.3606572268676778
0,1,0.5056296250580327
0,0,0.335270699790645
0,0,0.47433007403588257
0,1,0.5703253178704877
0,0,0.34052019571381154
0,0,0.39295702398669685
0,0,0.2713806573668673
0,0,0.350171822489173
0,1,0.6085454057191887
0,1,0.5164654430699462
1,0,0.3762434713264212
1,0,0.38874642040756857
0,0,0.4876921335673702
0,1,0.5614982324651075
0,0,0.4149420084301371
0,1,0.6495059682855527
0,0,0.1315610303789942
0,1,0.608196908537264
0,1,0.615669578049294
1,0,0.2897277857212815
0,0,0.19511347594310682
1,0,0.3364064199391385
0,0,0.23235361038179234
0,0,0.17670817484857473
1,0,0.4168389513855797
0,0,0.35872070144847845
0,0,0.18085828050192726
0,0,0.3827819873652107
0,0,0.3146294155106366
0,0,0.49075909319481703
0,0,0.3964657406004473
1,1,0.8742280585478241
1,0,0.05641986364312415
1,0,0.4463160890316658
0,0,0.45445326419454257
1,1,0.5801954471036072
0,0,0.49708010885151976
0,0,0.3364064199391385
0,0,0.4199395989854967
0,1,0.5371618883477238
0,1,0.5827398177892211
0,0,0.27660795047005515
0,0,0.2706317493544821
0,0,0.32467971766240655
1,0,0.37045022861942134
0,0,0.4284144315966628
0,0,0.3764108021164012
0,0,0.4912769907230805
1,1,0.6786450196956421
0,1,0.5289909835333477
0,0,0.4082578553398658
0,0,0.360632186735408
0,0,0.35990313881241964
1,0,0.33374396087619684
0,0,0.32147442218024375
0,0,0.21526870197048892
0,0,0.38066260353844383
0,0,0.3364064199391385
0,0,0.34473385004849855
1,1,0.8653036960728954
0,0,0.16664394729364349
0,1,0.6176776236460356
0,0,0.15397446098961637
0,0,0.2912084806220856
0,1,0.7516931092993867
0,1,0.5446624248887162
1,1,0.8060766732558032
0,0,0.4443362948989774
1,1,0.6727542179958054
0,0,0.3666630241273171
0,0,0.4122834019863447
0,0,0.48240222053335047
1,1,0.555216564910525
0,0,0.4119211987613249
0,1,0.5187805798891565
0,0,0.45005735621944537
0,0,0.47379202721717933
0,1,0.6461914421672817
0,0,0.29013361481478517
0,0,0.33374396087619684
0,1,0.5653437788152744
0,0,0.10993474450098657
0,0,0.15175295183881984
0,0,0.27660795047005515
0,0,0.3728663940765176
0,1,0.5580829871647428
0,1,0.6880098547149262
1,0,0.2333232876954072
0,0,0.14894581003629423
0,0,0.30546960870903755
0,0,0.4322691335405071
0,0,0.34473385004849855
1,1,0.6820806313145111
0,0,0.19462543715705372
0,1,0.7832911285526262
0,0,0.4456331788818396
0,0,0.30443966357736896
1,0,0.4692276263109686
0,1,0.6256858840092544
0,1,0.634568556452575
0,0,0.45163180895246074
0,0,0.2771557067862675
0,0,0.4070736099413924
1,0,0.45788194640090984
0,1,0.5777768412805557
0,1,0.8824952661576958
1,1,0.6792162247338598
0,0,0.3021999477965606
0,0,0.23349899203021934
1,0,0.45843291524432106
0,0,0.34473385004849855
0,0,0.4021018103194046
0,0,0.469138387196928
0,0,0.24296459290219746
1,0,0.49628292445455713
1,0,0.39340163321510807
0,0,0.09710378440189124
0,1,0.6565980709053149
1,0,0.3364064199391385
0,1,0.5421584496616606
0,0,0.46202855641520335
0,0,0.17487089504180772
0,0,0.49675061538343485
0,1,0.5942581926819543
0,0,0.4875397642422178
0,1,0.559437846900167
0,0,0.3629488172977467
0,1,0.7931416232988195
0,0,0.12887245112311613
0,0,0.36827665793507575
0,1,0.6007424952359883
0,0,0.20658766698356867
1,1,0.6070319913313941
0,1,0.599666587132772
0,1,0.6096652670762112
0,1,0.6299630155503885
0,0,0.44877939627308694
0,0,0.4061278936379189
0,1,0.7061688659110033
0,0,0.3861021315202567
0,1,0.664579345327628
0,0,0.38328222792948224
1,1,0.6352822339542172
0,0,0.2608273878051892
0,0,0.3364064199391385
0,0,0.23742948888958268
0,0,0.3728081144072918
0,0,0.30443966357736896
0,0,0.4211666579273628
1,0,0.4576509429849656
0,0,0.3364064199391385
0,1,0.5750208581202342
1,0,0.3660800838544672
1,0,0.3364064199391385
0,1,0.6060104020735718
0,0,0.4237970133716955
0,0,0.4496473500189427
0,0,0.4731429442796967
0,0,0.38874642040756857
0,1,0.8824952661576958
0,0,0.08559770745345786
0,0,0.4360339496649556
0,0,0.24680394464608507
0,0,0.295614433547945
0,1,0.5539177155868859
0,0,0.3203955223789935
1,1,0.9013902987982043
0,0,0.28050545778394675
0,0,0.41751551009761106
1,0,0.3364064199391385
0,0,0.40361723059957594
0,0,0.4704546934207293
0,1,0.5800704692959695
0,0,0.4557908589507923
0,0,0.49058905546355613
0,0,0.30181911171987763
0,1,0.5585454107781834
0,0,0.2846989028150476
0,0,0.32909886892532186
0,0,0.14496825435894772
0,0,0.435974610037777
0,0,0.25661855248535737
0,0,0.4696890531109255
0,1,0.7399533135848427
1,0,0.35140836920354535
0,0,0.33516489671400274
0,1,0.6007424952359883
0,1,0.6835379120565742
0,0,0.28368229617526974
1,0,0.0988326992615347
0,0,0.27154171028301394
0,0,0.3454640324624735
1,1,0.5238711385334726
0,0,0.45421704262214413
0,0,0.28818855426297346
0,1,0.6302380945631403
0,0,0.32909378019104457
0,0,0.3721077143691847
0,0,0.3427359730229844
0,1,0.5572488607520109
0,0,0.30443966357736896
0,0,0.30443966357736896
0,0,0.4455121432032722
0,0,0.3364064199391385
0,0,0.33374396087619684
0,1,0.5316072739713147
0,0,0.16103885285788075
0,1,0.6455218987225406
0,1,0.6874544251888788
0,0,0.31619121610803824
0,0,0.4575288477263489
1,0,0.4499537319612676
0,0,0.3208534668374321
0,0,0.4017853997366896
0,1,0.508488510487926
0,0,0.35953925911325524
0,0,0.42460876016654386
0,0,0.44034003560879736
1,0,0.40199398166945616
1,1,0.5680953574878822
0,0,0.25899608302973576
0,0,0.056073963600765366
0,0,0.16681541087577229
0,0,0.24271297204160935
0,0,0.44619627530371075
0,0,0.3293803857173616
0,1,0.5463951075178536
0,0,0.458605604076139
0,1,0.5852837796644824
1,1,0.6263795008486354
0,0,0.4242278519770791
0,0,0.25179738055579004
0,0,0.4384979457359047
1,0,0.34052019571381154
0,1,0.7509600085193344
0,1,0.6482522470634128
1,0,0.49849504788677673
0,0,0.3614081596572581
0,0,0.13653814839550418
1,1,0.8949881485876602
0,0,0.42256902957747494
0,0,0.4967954006025109
0,0,0.3332988036601481
0,0,0.41338296869933727
0,1,0.5023503851376199
0,0,0.431643952261391
0,1,0.6722595752952772
0,0,0.37828497423597923
0,0,0.44905996581887236
1,0,0.22582454499259866
0,0,0.41480576020265725
0,0,0.38069740145260794
0,0,0.48913723657181307
0,0,0.45744405475676697
0,0,0.38874642040756857
0,1,0.6217073553529135
0,0,0.3364064199391385
1,1,0.577637333602456
0,0,0.30443966357736896
0,0,0.38874642040756857
1,0,0.22862272539870854
0,0,0.45799517487683145
0,0,0.268576774635489
0,0,0.4860644876264187
1,1,0.5612070871892948
0,0,0.42794255804198067
0,0,0.1743024668211698
0,0,0.1889216978909513
0,0,0.45077887134970435
0,0,0.23509431106180925
0,1,0.5285184740734962
0,1,0.6659035209318409
0,0,0.459194981136154
0,0,0.3331128339941864
0,0,0.32147442218024375
1,0,0.38866459162933287
0,1,0.5730075303318138
0,1,0.6149453594410533
0,0,0.3554224852373378
0,1,0.5897336797740739
0,1,0.5590261743805806
0,0,0.39357076113834527
0,0,0.30673766335073327
0,0,0.3495382868295167
0,1,0.6663004566828665
0,0,0.30521498136412406
0,1,0.6038293974356325
0,0,0.47173860345728497
0,1,0.5903946461200049
0,1,0.6743233399487942
0,0,0.3364064199391385
1,1,0.5503408308648889
0,0,0.1637718510575707
0,0,0.4586052235077858
0,1,0.8949881485876602
0,0,0.25450474970365783
1,1,0.5146586369908984
0,0,0.4028165269485003
0,1,0.5582711269205264
0,0,0.30989979133356915
0,0,0.430882434404049
0,0,0.44510062468141093
0,0,0.4520670381688053
0,0,0.3726847683883197
0,0,0.3735272099624177
0,0,0.3638824487337097
0,1,0.618773046868162
1,1,0.8235145716557234
0,0,0.422808576755119
0,0,0.36680272319043894
0,0,0.35813986845240225
0,0,0.37303407030498875
0,0,0.32147442218024375
1,1,0.7046214067713481
0,0,0.4577562249772846
0,0,0.4871796969717998
0,1,0.6878940437440623
0,0,0.40558955068592906
0,0,0.37818810822920435
0,1,0.612164264449937
0,1,0.6048294873435739
0,0,0.28561713907555947
1,1,0.5730075303318138
0,0,0.4692803960112866
1,1,0.6792147815469252
0,0,0.39221828411852727
0,0,0.49682166707151254
0,0,0.3364064199391385
0,0,0.45619812284405153
0,0,0.28215349905443426
1,1,0.9023668212819181
0,0,0.4013854450838574
0,1,0.5018686691141102
1,0,0.4425913300880706
0,0,0.4082578553398658
0,0,0.4524622217428849
0,0,0.3105628364004623
0,0,0.38035635219931496
0,0,0.41999354721538334
1,1,0.8653036960728954
0,1,0.5603910818446599
0,1,0.7515993353908053
0,0,0.3348448636320657
0,0,0.45879674057193226
0,0,0.27660795047005515
1,0,0.3748292657552758
0,0,0.33646588150616585
0,0,0.3610879939042276
0,0,0.39251425002321466
0,0,0.4618173755080835
0,1,0.5053622662167989
0,0,0.42256902957747494
0,1,0.589796258640015
0,1,0.8316602991902676
0,0,0.493745369654468
0,1,0.5856891827063962
0,0,0.18353310223988709
0,1,0.6428470179609375
0,0,0.3460002494325069
0,0,0.15307979771507657
0,0,0.3761567902598668
0,0,0.44866040970369103
0,0,0.45701434666391094
0,1,0.5377409583233447
1,0,0.27443479296504564
1,0,0.3755379978123956
0,0,0.44520587146079954
0,1,0.6160693075408623
0,0,0.32696918932669117
0,0,0.42083962797757635
0,0,0.33863787643958576
0,0,0.09791765267525351
0,0,0.4249362435758505
0,0,0.45545443914803285
0,0,0.3364064199391385
0,1,0.5908493517585808
1,0,0.43598297778485445
0,0,0.4231180510984755
0,1,0.5889048550949394
1,1,0.6504890285609725
0,0,0.18568014839830332
0,0,0.4132482611652685
0,0,0.287888554931867
0,0,0.28932164037159347
0,1,0.6583072209397703
0,0,0.23217954219909717
0,0,0.31484631205121266
0,0,0.09804538997770054
0,0,0.4515367285740678
1,0,0.2462502423374228
0,0,0.4500034688150638
0,0,0.17235049515343112
0,1,0.5855894203151811
0,0,0.4963289396131034
0,1,0.5262076937611113
0,1,0.5730075303318138
0,0,0.46278293680349303
0,0,0.4334814609459456
0,1,0.6455969749793984
1,0,0.36911641596964306
0,0,0.04420033871388524
1,0,0.33374396087619684
0,0,0.4408539178440891
0,0,0.2662244097193657
0,0,0.4398036589723314
0,1,0.5730075303318138
1,1,0.6591351968100663
0,0,0.29243702779222924
0,1,0.5754999624950898
0,1,0.5466351227948479
0,0,0.31343866510808377
0,0,0.34473385004849855
0,1,0.6487486054289157
0,1,0.5182088432861712
0,1,0.6536502308475496
0,0,0.23255238102166034
1,0,0.373911054147698
1,0,0.3783900756282997
0,1,0.6342242404829229
0,1,0.5008560911753455
0,0,0.40969174531276675
0,0,0.24373994638817373
0,0,0.25525289017260633
0,0,0.4814731666037391
0,1,0.6772043515509767
1,0,0.4205770546990567
0,0,0.2496504938658628
0,0,0.4181417083727254
0,0,0.07149185504120754
0,1,0.5036786598316507
0,0,0.3643631851946562
1,0,0.41045524457338367
0,0,0.34473385004849855
0,0,0.292952216371913
1,1,0.6265987108236328
0,0,0.2798504411786366
0,0,0.3957590941432701
0,0,0.2164791597777932
0,0,0.46867858855077016
0,0,0.4570844460509489
0,0,0.22472985786859412
0,0,0.37828497423597923
0,0,0.4726068110506981
0,1,0.6198895731385861
0,0,0.49512310590865294
0,0,0.4049954901940668
0,1,0.7135305812428967
0,0,0.35419773264683524
0,0,0.3723269016419847
0,0,0.4082578553398658
0,1,0.5846791826623643
0,1,0.5256034728933343
0,0,0.37828497423597923
0,0,0.38874642040756857
0,1,0.5206927712359707
0,1,0.576524861531886
0,0,0.19539510577204117
0,0,0.31673153577158897
0,0,0.45242204020946847
0,0,0.4356525213678315
0,1,0.5692044809262353
0,0,0.29316035449958416
1,1,0.7031534145470744
0,1,0.5442341625986022
0,1,0.5148272653511474
0,1,0.5097911750766716
0,0,0.19336574458782232
0,0,0.3364064199391385
0,0,0.37284152156994493
0,1,0.5703253178704877
0,0,0.42875976941110133
1,1,0.7141951072830723
0,0,0.4516631252784744
0,0,0.30443966357736896
0,0,0.40629432057061127
0,0,0.3739255386991686
0,1,0.5266148583017897
0,0,0.34302054186222397
0,1,0.6227607315189371
0,0,0.4054432375159723
0,0,0.4600980120873305
0,0,0.3185736983193666
1,0,0.47577017794532916
0,0,0.43326565904487124
0,1,0.5540492370602428
1,1,0.6298974211574402
0,0,0.2488347920562858
1,1,0.620824349089681
0,1,0.5435747825493742
0,0,0.34555536178403257
0,1,0.6056581918106534
0,0,0.17147445397137956
0,0,0.14252699478647138
0,1,0.6009070090133513
0,0,0.3978274441005096
0,0,0.3241119341908474
0,0,0.392662082184095
1,1,0.528138296498655
0,0,0.2608692379281412
0,0,0.3872496377502589
0,0,0.4012171370881833
0,1,0.7598104474852708
1,0,0.27944216123772286
0,1,0.6554413720657859
0,0,0.37297729148867165
0,0,0.29237928221590925
0,0,0.23065960374662126
0,0,0.4700898192195837
0,0,0.13019402933123542
0,1,0.676034346961911
1,1,0.5730075303318138
0,1,0.6662392682470687
0,0,0.31367305443716015
1,1,0.8586087310680973
0,1,0.6439890598508745
0,1,0.5377958377193128
1,0,0.20302580433360426
0,0,0.27660795047005515
0,0,0.46005949017420045
0,0,0.36959260112402914
0,0,0.3023421596400365
0,0,0.3364064199391385
1,0,0.3364064199391385
0,1,0.675209929089037
1,1,0.6183906423211672
0,0,0.2557817643161377
1,0,0.38874642040756857
0,0,0.49374729346884977
0,0,0.4630986952417852
0,0,0.32147442218024375
0,0,0.10282551686939842
0,0,0.4451403210136668
0,0,0.3901452457796882
0,0,0.2696131715146982
0,0,0.3075514370519029
0,0,0.38874642040756857
0,0,0.4508912615586455
0,1,0.6251210673263632
0,1,0.6506506106074657
0,1,0.5181461151699696
0,0,0.23617563807136757
0,0,0.3364064199391385
0,1,0.5032231392562436
1,1,0.5108644362324302
0,1,0.6726815152893247
0,1,0.618773046868162
0,0,0.45442154030173537
0,0,0.34127760074206914
0,0,0.3448119895963153
0,1,0.5140827330248183
0,0,0.3916411106243566
0,0,0.4590792827956131
0,0,0.3364064199391385
0,0,0.2891709456405519
0,0,0.26764358031510815
0,0,0.3166601659840628
1,1,0.531178662909
0,1,0.5994308209046563
0,0,0.49972701055386765
0,0,0.4082578553398658
0,1,0.6007424952359883
0,1,0.6608141194440988
0,0,0.3764108021164012
0,0,0.4486423365724328
0,0,0.37735514153310956
0,1,0.6235357847606415
0,0,0.40840824719637137
0,1,0.6588850074634003
0,0,0.36430470291984957
0,0,0.41839915088256485
0,0,0.27086490342376174
1,1,0.5499936699783363
0,0,0.31757770440024985
0,0,0.4665808503975214
0,1,0.5589524607832997
0,0,0.32264959929342985
0,0,0.11876740679413617
0,1,0.662794085064679
1,0,0.2825139214972625
0,0,0.4054432375159723
1,0,0.06097845237785276
0,1,0.6001032136580144
0,0,0.09086236334144315
0,0,0.4760567506246213
0,0,0.29003490718299346
0,0,0.41113844570809516
1,1,0.5420470091911609
0,0,0.25536658489043035
0,1,0.5562395900512772
0,0,0.22976183866628058
0,0,0.4447123965319152
0,0,0.4648246453449609
0,1,0.5930746327990374
0,0,0.4082578553398658
0,0,0.22422870554856017
1,1,0.6803114757757577
0,0,0.34473385004849855
0,0,0.34473385004849855
0,0,0.38874642040756857
0,0,0.47222533712539344
0,0,0.3101494244693909
0,0,0.380200358069551
0,1,0.6421249867758877
0,0,0.36254967013607386
0,0,0.3915995460634843
0,0,0.41575004008465977
0,0,0.1725581726541754
0,0,0.2905725407349129
0,0,0.4581367507751941
0,0,0.235387281396833
0,0,0.27992327275866535
0,0,0.387490968655199
0,0,0.41831583364814207
0,0,0.32147442218024375
0,1,0.8381927380353847
0,0,0.43709626947721225
0,0,0.2715370880982165
0,1,0.62769215830373
0,0,0.3929116262322043
0,0,0.2245629638049562
0,1,0.67746405155967
1,1,0.5608155606851457
1,1,0.577893224298321
0,1,0.6595507257276304
1,0,0.38424421302202993
0,0,0.3039387458867035
0,0,0.3840923779254836
0,0,0.37646730996356803
1,0,0.43904209153516827
0,1,0.5004890040188887
0,1,0.6648014010276307
1,1,0.6032754653600019
0,0,0.4531319200334184
1,0,0.3221933037736409
0,0,0.2895124615910255
0,0,0.34473385004849855
1,1,0.8653036960728954
1,0,0.4189469851174602
0,0,0.44184912611761884
0,0,0.4344096218720062
0,1,0.6007424952359883
1,1,0.6465000729329373
0,0,0.4359958477827462
0,0,0.34473385004849855
0,0,0.484213637837522
0,0,0.19259247938123375
0,1,0.6881751947089577
0,0,0.34473385004849855
0,0,0.32147442218024375
0,0,0.475305584520535
0,0,0.39751097517000356
0,0,0.4263831156489729
0,0,0.2981350657112503
0,0,0.3017280291030192
0,0,0.43907571822204644
0,0,0.465064750662023
1,1,0.5703253178704877
0,0,0.28301883633317515
0,0,0.34473385004849855
0,1,0.6100365193101057
0,0,0.4177241210881053
0,0,0.3300282914934406
0,1,0.6772924871958482
0,0,0.4617695712957579
0,0,0.42644866594110065
0,0,0.493285623988074
1,1,0.60605600188941
0,0,0.10184057640061449
0,1,0.6556666978927601
0,1,0.5921067470471916
0,0,0.33374396087619684
0,0,0.3270713123355917
0,1,0.5951748005856796
0,1,0.646309054601585
0,0,0.472836573569135
1,0,0.40380092561673997
0,1,0.6710372188801936
1,0,0.291032895049042
1,0,0.32147442218024375
0,0,0.3364064199391385
0,0,0.44272159601260225
0,1,0.6404409494046917
0,0,0.4082578553398658
0,0,0.14518622166609557
0,0,0.4921218492580084
0,1,0.5730075303318138
1,1,0.5639926713835031
0,1,0.6101771436868596
1,1,0.8280363844578406
0,0,0.10400390214856664
0,0,0.3084960562843104
0,0,0.34633018135422977
0,0,0.29045619129627726
0,1,0.6950322906407145
0,0,0.43258919235498433
0,0,0.41601340427624683
0,1,0.6286459080709255
0,1,0.6719892929578317
0,0,0.41484379172007557
0,0,0.2073916080629685
0,0,0.3437569130385046
0,1,0.7608188870229048
0,0,0.4280905463602232
0,0,0.45664636409891224
0,0,0.4140128126673209
0,0,0.3665296519312142
1,0,0.4336443244747689
0,0,0.46356903345203526
1,1,0.6130307201194731
0,0,0.20636073145398337
0,0,0.49222668039943895
0,1,0.5461948001541419
0,0,0.4480488961166938
1,1,0.5570714064948354
0,0,0.40898147626801357
0,0,0.391849494806734
1,1,0.7931416232988195
0,1,0.5249582439725595
0,0,0.4087805986351348
0,0,0.4082578553398658
0,0,0.2269920619579842
0,0,0.36748223841063227
0,0,0.4775787690428553
0,0,0.40008157931484406
0,0,0.31250146533434653
0,1,0.6541642920563313
0,0,0.49014812913199735
0,0,0.4142816231032732
0,1,0.5369422318377035
0,0,0.33837633001719575
0,0,0.37828497423597923
0,1,0.5389161944693067
0,0,0.42584383764818917
1,0,0.4766007825155216
0,0,0.4541196529250978
0,0,0.3019316848586611
1,1,0.7395667219631353
0,0,0.45353278618333637
0,0,0.3219496470023083
0,0,0.3364064199391385
0,0,0.46345768805147064
0,0,0.24033974757007204
0,0,0.34867339972301303
0,1,0.5403387785176972
0,0,0.4262180697581887
0,0,0.37439376404164715
0,0,0.26472338245531085
0,0,0.4082578553398658
0,0,0.292023033810442
0,1,0.5617456219310177
0,1,0.5055099426867767
0,0,0.49333288795748564
0,1,0.5730075303318138
0,0,0.19619784170206683
0,0,0.2713745836101325
0,0,0.44449646729717257
0,0,0.41887570085842774
0,0,0.29899884933433757
0,0,0.30443966357736896
0,0,0.4054432375159723
0,0,0.32839167318457074
0,0,0.35506674594717336
0,0,0.3741291371770925
0,0,0.4362888194293103
0,0,0.46848927534242685
0,0,0.44051780849846106
0,0,0.38843872982734295
0,0,0.13347601924232955
1,0,0.35972015442957783
0,0,0.34473385004849855
0,0,0.41406112601530903
0,0,0.37985587617780825
1,0,0.35292354765449024
0,0,0.37989129487685724
0,1,0.6197062709636483
0,0,0.4817059448378313
1,1,0.5231239178659797
0,0,0.27707765297615633
0,0,0.42771675936360704
0,0,0.3073950394314983
0,0,0.3277687866026099
1,1,0.5281187726684121
0,0,0.49708734024423457
0,1,0.5189692956556534
0,0,0.3364064199391385
0,0,0.4309737073021482
0,0,0.15847773064458315
1,0,0.3858714021665933
0,1,0.5504130784517038
0,1,0.5315947963756976
0,1,0.5396911703553912
0,0,0.2876654094287231
0,1,0.6193682362904555
0,0,0.28974006250039275
1,1,0.7514433538592781
0,0,0.30202210943659935
0,0,0.45445326419454257
0,0,0.33944894007625964
0,1,0.7345106706533278
0,0,0.49432158820105115
0,1,0.5940431710105263
0,0,0.3111728507218701
0,1,0.62707352887028
1,0,0.471869838661801
0,0,0.44497089656260347
0,0,0.38874642040756857
0,1,0.6141241025141387
0,0,0.3364064199391385
0,0,0.44070122828206093
0,0,0.34473385004849855
0,1,0.9063049029985466
1,1,0.8340668109643794
1,1,0.6505062597889886
1,1,0.7474001181200245
0,0,0.26015039139855306
0,1,0.5041992465475157
0,0,0.4334384884229509
0,0,0.40112259334980305
0,0,0.40655912508752
0,1,0.5789247781775746
0,0,0.4688407613439094
0,0,0.17405211021361278
0,0,0.2576260447692258
0,1,0.5458265996772623
0,0,0.3627307672301545
0,0,0.4054432375159723
0,0,0.27660795047005515
0,0,0.20036460548026783
1,1,0.6293869526588348
0,0,0.3954591628168247
0,1,0.670834306943145
0,0,0.3056920671665887
0,0,0.33747182158998557
0,0,0.23495248858103626
0,0,0.34151594882940195
0,1,0.5726793138404362
0,0,0.4082578553398658
0,0,0.3792421258665349
0,0,0.44019525894252937
1,0,0.4390950637713629
0,0,0.1931132735454713
1,0,0.47390985390738155
0,0,0.311749766316058
0,0,0.16057970015616702
0,0,0.38134476114074906
0,1,0.5921067470471916
0,0,0.4428195221083136
0,1,0.7048139409941101
0,1,0.8288398707211615
1,1,0.5730075303318138
0,0,0.28517323657469346
0,0,0.4627038131910954
0,0,0.31790308149795593
0,0,0.35352508522855247
0,0,0.4562720806702983
0,0,0.25861317399791034
0,0,0.43538319630497097
1,0,0.45464055092392236
0,0,0.379477919459111
1,1,0.8038311594906343
0,1,0.5375930102943309
0,0,0.4459002847136609
0,0,0.27660795047005515
0,0,0.31250146533434653
1,1,0.6362110334604129
0,0,0.44513850115725095
0,0,0.455388973155127
0,0,0.33374396087619684
1,1,0.5130746673897137
1,0,0.4488018094607292
1,1,0.6154890117245635
0,0,0.3599057487099236
0,0,0.4148989357928044
0,0,0.3783287533300424
0,1,0.5934761155054912
0,0,0.4462606527497993
0,0,0.22190566251852356
1,1,0.6414674227088847
0,0,0.19120954967083742
0,1,0.6514745320249496
0,1,0.5797652287572652
0,0,0.19903988004143247
1,1,0.5781915255223654
0,0,0.44598906894574275
0,0,0.38874642040756857
1,1,0.5612070871892948
1,0,0.4862130555039154
0,0,0.435617133332667
0,1,0.5730075303318138
0,0,0.3080497300279805
0,0,0.42618060930492274
0,0,0.19870921257844637
0,0,0.4556607758346786
1,1,0.6944337107395331
0,0,0.09795628348491109
0,0,0.41225032240435305
0,0,0.15296763672145444
0,0,0.4720115917593487
0,0,0.4893092982124478
0,1,0.684922911809973
0,0,0.3895868488975356
0,0,0.4365728906753066
0,0,0.46286562269586456
1,0,0.38874642040756857
1,0,0.49634461618354864
0,0,0.28840914547495755
1,1,0.5409539070760785
0,0,0.45418678823553227
0,0,0.3384551538970729
1,1,0.548465866863024
0,0,0.39023872187837777
1,0,0.4356525213678315
0,0,0.29356598599093203
0,0,0.36986056613771245
0,0,0.38724574322722793
0,0,0.47717758297524904
0,0,0.49647563565809405
0,1,0.5791607778551724
1,1,0.8949881485876602
0,0,0.3346736319382011
1,1,0.7903532258411781
0,0,0.4688134627178578
0,0,0.24033974757007204
1,0,0.38874642040756857
1,0,0.42798539221366794
0,0,0.4168389513855797
0,0,0.47237665447761773
0,0,0.32147442218024375
0,0,0.32147442218024375
0,1,0.6879815677120715
0,0,0.1868958700427494
0,1,0.5562844971610013
0,0,0.41568074373227654
0,0,0.428835003657424
0,1,0.6888035822724512
0,1,0.5861053366902185
0,0,0.30443966357736896
1,1,0.5732111473565125
0,1,0.7235427449166875
0,1,0.6033541325358284
0,1,0.5918188090477593
1,1,0.6093412789510928
0,0,0.2086635433477718
1,0,0.34473385004849855
0,0,0.3452000708375602
0,0,0.25743306768935376
0,0,0.2601547045003255
1,0,0.3620836172207926
0,0,0.4827737903075451
0,1,0.6530414418480939
0,0,0.3568232368014127
0,0,0.312216604146268
1,0,0.4334814609459456
0,0,0.30443966357736896
0,0,0.38823288488512625
0,0,0.4324961047806639
0,0,0.2615752134379437
0,1,0.5967507198800047
1,1,0.6227454306868472
0,1,0.5618794154194516
0,0,0.4468967187535142
0,0,0.2926166588795814
1,1,0.8824952661576958
0,0,0.44633583268344135
1,0,0.36477174903076054
0,0,0.2814247856899249
0,1,0.5703253178704877
0,0,0.4131704386344636
0,0,0.3951537939430781
0,0,0.30443966357736896
0,0,0.29057120606587483
0,0,0.3861597950031101
0,0,0.30443966357736896
0,0,0.4485401961528884
0,0,0.48219126702019915
0,0,0.4498628378065506
0,1,0.6106982744157685
0,1,0.7448769741127325
1,1,0.7189366369933633
0,0,0.4239161766619265
0,0,0.37510173820298026
0,0,0.48706560468063764
0,0,0.4511904346883022
0,0,0.32147442218024375
0,0,0.19988270466319347
0,0,0.31661459370113115
1,0,0.287313430281336
1,0,0.28612635514330786
1,1,0.6622966092389504
0,0,0.24964663626326838
1,0,0.25646842522709457
0,0,0.32302548821928445
1,1,0.6360273127288986
1,1,0.5670700301675664
0,1,0.509117649228703
0,0,0.44390908397503254
1,1,0.5925239339854685
0,0,0.16768637081548754
0,1,0.6683622371024946
0,1,0.6160027694411251
1,0,0.16989582142416407
0,0,0.32147442218024375
1,1,0.7570557903768433
0,1,0.6700866036877529
0,0,0.46650508034411686
0,0,0.33979841030028407
0,0,0.32793306790999843
0,0,0.4447123965319152
0,0,0.4502383946766767
0,1,0.6198526735524378
0,0,0.43646806691589546
0,1,0.6276375828407109
0,0,0.38777206880765064
0,0,0.20122689161750817
0,0,0.34473385004849855
0,1,0.5932763504546115
0,0,0.34473385004849855
1,0,0.4034487029603657
0,0,0.35051724435106085
0,0,0.379089120048985
1,0,0.34721742127620464
0,0,0.2071717284643048
0,1,0.561754529853006
0,0,0.38310320929715064
0,1,0.6350774260259564
0,0,0.4063510500305973
0,0,0.3408432874006914
0,0,0.4267371944802149
0,0,0.44596465873608193
0,1,0.6800045581923216
1,1,0.782567452351909
0,0,0.35043517574147093
1,0,0.46573492728629506
0,0,0.43224133129954356
0,0,0.2601547045003255
0,0,0.321032793496103
1,0,0.49377935394601813
0,0,0.27660795047005515
0,0,0.03698048766972432
1,0,0.3183089213884507
0,0,0.38324131657297317
0,0,0.46891045098682227
0,1,0.5634215675912763
0,0,0.46066935119546554
0,0,0.3232299046090184
0,0,0.4082578553398658
0,0,0.46700192980854155
0,0,0.20587123277404668
0,0,0.37718942932524496
0,0,0.2814009317071528
0,1,0.6616301679937883
0,0,0.4417172278615549
0,0,0.20323439367855173
0,0,0.383239274820159
0,0,0.4961901076501697
0,0,0.4387084222955189
0,0,0.30443966357736896
0,0,0.38113397210051797
0,1,0.6838674823695774
0,0,0.24830834903805804
0,0,0.38632915982548643
0,1,0.5249954550789825
0,0,0.3364064199391385
0,0,0.4089145659949811
0,0,0.3050195618355771
0,0,0.2531778212088846
0,1,0.5932763504546115
0,0,0.3092538941261798
0,0,0.4455882507001123
0,0,0.26248286248257785
0,1,0.733203404346012
0,0,0.42214623984394933
1,0,0.4332657335900623
0,0,0.4875867856144607
0,0,0.37828497423597923
0,0,0.32611687164160635
0,0,0.4341781298513319
0,0,0.17987151967170148
1,0,0.3257537540369112
0,0,0.40252842603452943
0,0,0.34191170925210607
0,0,0.2900994866388132
0,1,0.6839034425893072
0,1,0.6195601209935403
0,1,0.5495548706889284
1,0,0.30293479402413803
0,0,0.357635205105618
0,1,0.6532274710612054
0,1,0.5970227169057928
0,0,0.35702508609747735
0,1,0.5171583778667088
0,0,0.19438635819615063
1,1,0.8375715469555072
0,0,0.2495475534302588
0,1,0.5780975858807528
0,0,0.3364064199391385
0,0,0.34473385004849855
0,0,0.24917644487017757
0,0,0.40749077460922667
1,0,0.4002295744260025
0,1,0.5483750445952308
0,0,0.3163498082923852
1,1,0.8671126503223193
0,0,0.29820845001091834
0,0,0.34473385004849855
1,0,0.4646978917474493
0,0,0.4319698220184237
0,0,0.34732908723375516
1,0,0.4453455412318553
0,0,0.37220329334815894
0,0,0.4082578553398658
1,1,0.5974950838837988
0,0,0.34473385004849855
0,0,0.05962864258544858
0,0,0.28693794567929376
0,0,0.45924060811032663
0,0,0.44365317657599307
0,0,0.3830865401784378
1,1,0.6586426424111246
0,0,0.4934642778608484
0,0,0.47787365713899316
0,0,0.3653292402270098
1,1,0.6437638757822125
0,1,0.6487486054289157
0,1,0.6735558482767751
0,0,0.3365775578420647
0,0,0.45676498869185916
0,1,0.5317880502352808
0,1,0.7769157648183098
0,0,0.22421370916556155
0,0,0.45041181496421795
0,0,0.48897123731674985
0,0,0.44405401853675575
0,0,0.34905008560168177
0,0,0.31484631205121266
1,0,0.46178982689045556
0,0,0.3364064199391385
0,0,0.4235557121634116
0,0,0.43271855678402477
0,0,0.39633300348056644
0,0,0.31484631205121266
0,0,0.4287207290280722
0,0,0.3033060486739639
0,0,0.2659902898418824
1,1,0.6492554425392596
0,0,0.4582469976188411
0,1,0.6570432900693254
1,1,0.5255915649176283
0,0,0.34473385004849855
0,1,0.5504855753244238
0,0,0.42808594229721586
1,1,0.6571173481996079
0,0,0.3817064857585463
1,0,0.3947564823941833
0,1,0.6079580985045682
0,1,0.5820947513606572
0,1,0.5195722794775439
0,1,0.5510744981560367
0,1,0.5627536039446999
0,0,0.4401722949116433
0,0,0.4082578553398658
1,0,0.3555079349657197
0,0,0.30443966357736896
0,0,0.35039671858070204
0,0,0.40726320559009416
0,1,0.5354961847952714
1,0,0.39332571719657705
0,0,0.26470974913725254
0,1,0.6457505944032006
0,1,0.5586278103834168
0,1,0.607687548262159
0,0,0.21971707417096437
0,0,0.2859794104923556
0,1,0.9161456839429873
0,0,0.3552480056069348
0,1,0.6688915436087436
0,0,0.24731860228607647
0,0,0.1128340391275354
0,0,0.25621730919536606
1,1,0.8653036960728954
0,0,0.3364064199391385
0,1,0.5360583947291642
0,1,0.5466393502878834
1,1,0.6340317845915269
0,1,0.9170442583458243
0,1,0.5730075303318138
0,1,0.7453400997140178
0,0,0.41183296215120735
0,1,0.5129774829744236
0,1,0.5185423969986555
0,0,0.4165181695459047
0,1,0.6003693563831006
0,1,0.678284139746328
0,0,0.36150371868472664
0,0,0.34473385004849855
0,0,0.21108776925637082
0,1,0.6371096182630177
0,0,0.3352412738027403
0,1,0.535056812441628
0,0,0.48761847672526
0,0,0.3201313888552723
0,0,0.34473385004849855
0,0,0.3724373094670507
0,0,0.3994608263301702
0,0,0.3741737244252539
0,0,0.41699852255293834
0,0,0.4061310700767119
0,0,0.4890950866033434
0,0,0.13176589375478792
0,1,0.6894775089932976
0,0,0.4604065150939205
0,0,0.10742614632993319
1,0,0.4595209245140957
1,0,0.28821543729350196
0,0,0.4668780834687436
1,1,0.8824952661576958
0,0,0.3770984779087496
0,0,0.24138363687056447
0,0,0.4673948907002963
0,0,0.44872869519375186
0,0,0.4173991723292635
0,0,0.47088824544383223
0,0,0.30443966357736896
0,0,0.42836485915112293
1,0,0.35140836920354535
0,1,0.5621137714593201
0,0,0.26629190649717016
0,0,0.49995706459387274
0,0,0.49776260124473676
0,1,0.5875897111244979
0,1,0.5994468303895817
0,0,0.3541865346815032
0,0,0.12228197271739459
1,0,0.452890835233756
1,1,0.8769864952497411
0,0,0.4410166169349188
1,1,0.8653036960728954
1,0,0.47531637298808405
1,0,0.3350121144722369
1,1,0.6092203191778468
0,0,0.38874642040756857
0,1,0.6007424952359883
0,0,0.22685211201026603
1,1,0.7600940810269015
0,0,0.38755974026150397
1,0,0.45764747633301345
0,0,0.3511138414962305
0,0,0.3778226829294052
0,0,0.3288305869169472
0,0,0.4229160419975361
0,0,0.37838158203576083
0,0,0.31340768546235326
0,0,0.42461753614037406
0,1,0.5376412504177916
0,1,0.7037971864242681
0,0,0.4207257196707537
0,0,0.30220156264783815
0,1,0.5186861244804039
0,1,0.587975202139527
0,0,0.20042785578739558
0,0,0.33068507111172074
0,1,0.5340935505342203
0,0,0.34047765509468386
1,0,0.3364064199391385
0,0,0.4982045269697221
0,0,0.416727108170138
0,1,0.5564786904386698
0,0,0.4929564085072677
0,1,0.6378261804170062
1,0,0.3646211306794314
0,0,0.34473385004849855
0,0,0.3809442974375647
0,0,0.38874642040756857
0,1,0.5807499717860303
0,1,0.5142706711965788
0,0,0.44708729111101736
0,0,0.43624474894933213
0,0,0.36962257580081315
0,0,0.3771995322532747
0,0,0.4339813101504472
0,1,0.5227101712314678
0,0,0.3749382438963063
0,0,0.36448319383767674
1,1,0.899507851077316
1,1,0.671578574471552
0,0,0.4670533196978296
0,0,0.34473385004849855
1,0,0.36204507153114607
0,0,0.3603764459646447
0,0,0.4302110538667618
1,0,0.439958561919376
0,0,0.30258592875989626
0,0,0.44111172797897036
0,0,0.42692574760652147
0,0,0.4673242354908876
0,0,0.3302054613630955
1,1,0.8799103019653635
0,0,0.4833861531060661
0,1,0.5921067470471916
0,0,0.240562222704878
1,0,0.3159226610851498
0,0,0.08299458666977694
1,0,0.43986257832220416
0,0,0.32147442218024375
0,0,0.26629275221958715
0,0,0.2338367151833288
0,1,0.5078792044750459
0,0,0.32653013412742155
0,0,0.30526549805650544
0,0,0.4061746055253295
0,0,0.3524674439684786
0,1,0.5162961358277149
0,0,0.33374396087619684
0,0,0.4843533014409149
0,1,0.6158550753734495
1,0,0.4310512793260348
0,0,0.45307710606915547
0,0,0.21131426533098768
0,0,0.41153404984661507
1,1,0.8436201960739405
0,0,0.10842801829377052
0,1,0.5509773761632645
0,0,0.4872233560890739
1,1,0.815286279814202
0,1,0.9125844739145602
0,0,0.2973627933669375
0,0,0.47379202721717933
1,1,0.5996079857456555
0,0,0.46152698343976534
1,1,0.5218947424857041
0,0,0.4186987676588593
0,0,0.30443966357736896
0,0,0.4668094745378904
1,1,0.6369599502331533
0,1,0.5424819372424629
0,0,0.4034487029603657
0,0,0.31005892306525745
1,1,0.5614098411823027
0,1,0.6304514030498323
0,0,0.4574507985003213
0,0,0.30566215814240794
0,1,0.7073656392824835
0,0,0.45967680389397225
0,0,0.42389901187551654
0,1,0.659343624725247
0,0,0.2530728846950071
0,0,0.4852644324890243
1,0,0.4368528572981588
1,0,0.38346604087846
0,0,0.459537705469703
0,0,0.07972058378070877
0,0,0.32147442218024375
0,0,0.13055550980577185
1,1,0.7931416232988195
0,0,0.31052897018268816
0,1,0.6454138689735026
0,0,0.4494054013913705
0,0,0.46821201435622833
0,0,0.37828497423597923
0,0,0.4094123393289781
0,1,0.5083408794674814
0,1,0.5921067470471916
0,1,0.7438333044483196
0,0,0.30379689756096834
0,0,0.45302309339232144
1,0,0.3956750954483432
0,0,0.26470974913725254
0,1,0.5473409143394042
0,0,0.4234925516676407
1,1,0.5371278857854517
0,0,0.17607076165835409
0,1,0.6422129276558797
0,1,0.6019275779403965
0,0,0.4082578553398658
0,0,0.34904008291538957
0,0,0.38874642040756857
0,0,0.31409256910976824
0,0,0.46465264458878797
0,0,0.3290330261580599
0,0,0.4163186984941266
0,0,0.3816469212860181
1,0,0.38945163869089766
0,0,0.3776069427448857
0,0,0.17208749573662727
0,0,0.44105733624758137
1,0,0.4187677835593466
1,1,0.666823137180742
1,1,0.5951029169797187
0,1,0.5459855198737225
1,1,0.6650349942895951
0,1,0.6276501908281901
1,0,0.2918457317325852
0,0,0.21552244023061007
0,0,0.3853192345133231
0,0,0.4478345462645041
0,0,0.2428117158750403
0,0,0.37237596221369934
0,0,0.3969265325064419
0,1,0.5340778724137155
1,1,0.6007424952359883
0,0,0.35859761282630637
1,1,0.6591351968100663
0,0,0.4045589365500857
1,1,0.9002082645889691
0,0,0.39949218668592335
0,0,0.4121774285263248
1,1,0.5136410266162317
0,0,0.39241302835817743
0,0,0.41349573298051007
0,0,0.19336574458782232
0,0,0.3643027805372841
1,0,0.4054432375159723
0,1,0.7931416232988195
0,1,0.6176823847228146
0,0,0.20672402547771265
0,1,0.5694157756639199
0,0,0.30443966357736896
0,1,0.5379842497718148
0,0,0.3364064199391385
0,0,0.2946436402229389
0,0,0.30443966357736896
0,0,0.22230301043001613
0,0,0.33374396087619684
1,1,0.8949881485876602
0,1,0.565027841175639
0,0,0.43237441892366385
0,0,0.15531248549251234
0,0,0.46356903345203526
0,0,0.28304862606027603
0,0,0.4884930007409097
0,0,0.08682526908478172
0,0,0.27660795047005515
0,1,0.8317717708637061
0,0,0.3808952058780747
0,0,0.3851340749178296
0,1,0.5902276648464976
0,0,0.3364064199391385
0,0,0.1782151899801076
0,1,0.5363167426411712
0,0,0.3779614249760327
1,0,0.43241977530224024
0,1,0.7488667323571185
0,1,0.6368412839499988
1,1,0.5324528555047378
0,1,0.6067045157894175
1,0,0.48483429084454344
0,0,0.3925344189585229
0,0,0.45861430773059514
0,0,0.43241977530224024
0,0,0.4212429289111437
0,0,0.3349970339866451
0,0,0.26667861962258044
0,1,0.6062265014130012
0,1,0.5723062554971144
0,0,0.287734117757623
0,1,0.5730075303318138
0,0,0.4559571716501809
0,0,0.3595916920714371
0,1,0.5387260694721612
0,1,0.5720457277710074
1,1,0.5368243662239538
0,0,0.34178681181241155
0,0,0.4372445735809382
0,1,0.5730075303318138
0,0,0.4822909874816238
1,1,0.5419005406448985
0,1,0.5006250580325883
1,1,0.6425843662141079
0,1,0.5562844971610013
0,0,0.34473385004849855
1,1,0.5427760866200521
0,0,0.44952557835734097
0,0,0.37828497423597923
0,0,0.49202652748079784
0,0,0.3489565896364328
1,0,0.3745789263703011
0,0,0.44550993816217005
0,0,0.48394083224642015
0,0,0.1559608897386535
0,0,0.4232719107381678
0,1,0.5921067470471916
0,0,0.33374396087619684
0,0,0.416153845684991
0,0,0.11259890531863036
0,0,0.12464114721024876
0,1,0.6342822067568242
0,0,0.34374583072575143
0,0,0.26596030944140514
0,0,0.28778971677343546
0,1,0.6193682362904555
1,0,0.43877653098657476
1,0,0.2708713645408481
0,0,0.48423427234711064
1,0,0.28455311092657953
0,0,0.3627593989118907
0,0,0.37828497423597923
0,1,0.6253587862904042
0,1,0.6138776802437044
0,0,0.28509646026840624
0,0,0.268975144101199
0,0,0.3374777584390629
0,0,0.35186139053937454
0,1,0.5233671257253836
0,0,0.4527133717346533
0,1,0.6530248470264833
0,0,0.3617627397039269
1,0,0.46654553386215686
0,0,0.34473385004849855
0,0,0.490911800380769
0,0,0.23520822871400063
0,0,0.35844166605713906
0,0,0.376683909455137
0,0,0.4218372437444787
0,0,0.275113311169669
0,0,0.37783073236406783
0,0,0.37242174144817236
1,0,0.42045439799892265
1,1,0.6450726977255113
0,0,0.4082578553398658
0,1,0.5077873208697318
1,0,0.3779742114806128
0,0,0.4071295599071042
1,1,0.8824952661576958
0,0,0.2640489826784913
1,1,0.8653036960728954
0,0,0.3524674439684786
0,0,0.46908599273836504
0,0,0.23137497899446882
0,0,0.3729484400667795
0,0,0.3949038079165587
0,0,0.37153273482533744
0,1,0.6486632458401786
1,1,0.6512720390692249
0,0,0.3185736983193666
0,1,0.5035651403312907
0,0,0.13553154837868317
0,0,0.30059949648269063
0,0,0.3510029052612804
0,0,0.4915881627801121
0,0,0.41220933284658856
0,0,0.21314989302352896
1,0,0.4870863852307036
0,0,0.3584246151850399
1,0,0.3480153182608655
0,0,0.3833308973978752
0,0,0.4254713490580385
0,0,0.4054432375159723
1,1,0.5742903916140087
0,0,0.42281300291617707
0,0,0.47447121947683535
0,0,0.418018183468978
1,1,0.6783910187607466
0,0,0.36581042757631604
0,0,0.4101265052487868
0,0,0.1964774684229296
0,0,0.33374396087619684
0,0,0.3386752152773176
0,0,0.43657313424139216
0,1,0.5752258225015185
0,0,0.26229078773012376
1,0,0.31111342207140963
0,1,0.5001084019270525
0,1,0.6007424952359883
0,0,0.32181056495453464
1,1,0.7931416232988195
0,0,0.15384702773005604
0,0,0.32147442218024375
0,1,0.7801151825484606
0,1,0.5399819686398469
0,0,0.4145674582560345
0,0,0.4772097714083075
0,1,0.5356806634510162
0,0,0.4790129813292907
0,1,0.6320134598038774
0,1,0.67656521602173
0,0,0.40085913466550754
0,1,0.5429145393362176
0,0,0.388002562875396
0,0,0.3524674439684786
1,0,0.37378971007935097
0,1,0.6068170170422418
0,0,0.46407197819753926
0,0,0.32147442218024375
1,0,0.2601547045003255
0,0,0.27371067842255487
0,0,0.3586914625831392
1,0,0.26321596375264966
0,0,0.35490657594914915
0,0,0.35298319726086186
0,0,0.3870782886394334
0,0,0.4506955572528962
1,1,0.5464212439663412
0,0,0.265792432974182
0,0,0.46272610503144157
0,0,0.3368262974657691
0,0,0.22609303783605267
1,0,0.41788858451114913
0,0,0.32147442218024375
0,0,0.2613461336593011
0,0,0.44222336700243237
0,0,0.07594141007257932
0,0,0.4054432375159723
0,0,0.30443966357736896
0,1,0.5643699682901262
0,1,0.648102939888025
0,0,0.21645181380246087
0,0,0.1535268972615765
0,0,0.4859396923903067
0,0,0.30443966357736896
0,0,0.47383964486931446
0,1,0.5086331446312926
1,0,0.3647034018638006
0,0,0.43244213247117946
0,0,0.4248167158517106
0,1,0.5627181674529003
0,1,0.5833080518971449
0,0,0.3364064199391385
0,0,0.488352663189654
0,0,0.34473385004849855
0,0,0.2651106361406692
1,1,0.7404814372837071
0,0,0.4527436846790301
0,0,0.34473385004849855
0,0,0.1539602211570385
0,0,0.312249400559726
0,0,0.4901526893652635
0,0,0.34473385004849855
0,1,0.6086969406199733
0,1,0.6056485939419742
0,0,0.34473385004849855
0,0,0.3314759405489808
1,0,0.3018609192639859
0,1,0.543576243768631
0,0,0.3112854554907431
0,0,0.3852922843277045
0,0,0.20028301976506202
1,1,0.5232210538964169
0,0,0.409860269268034
0,0,0.3464325784046877
1,1,0.6466013270555618
1,0,0.34460231660456436
1,1,0.6046014559170153
0,0,0.4815128845521653
0,0,0.33933131798893573
0,0,0.4989555026763486
0,0,0.32147442218024375
0,1,0.6009788088209552
1,1,0.8442824706812502
0,0,0.2983720324931522
0,0,0.4082578553398658
0,0,0.4307599911103523
0,0,0.4391233947807178
0,0,0.34473385004849855
0,0,0.3907402056526997
0,0,0.4597282181804169
0,0,0.48746846661858445
0,0,0.4485139119642406
0,0,0.09449362304654543
1,0,0.32147442218024375
1,1,0.8941220619722621
0,0,0.3690191491015761
0,0,0.3066619521105825
1,0,0.3720670669549819
0,0,0.4657328467154932
0,0,0.38874642040756857
0,0,0.35682698713518923
1,0,0.44964586006348567
0,0,0.48914021523919715
1,1,0.8949881485876602
0,0,0.3497665805981099
0,0,0.40483996472707506
1,1,0.5537108705944923
0,0,0.20029238514292527
0,0,0.40867966195180466
0,1,0.6611930753355513
0,0,0.14210905791597792
0,0,0.43062580509840154
0,0,0.4144550543316221
0,1,0.6193677530398863
0,0,0.4892800083327323
0,1,0.5677158324625029
0,0,0.4343580869703852
0,1,0.5081838679611008
0,0,0.36831598132683746
0,0,0.34473385004849855
0,0,0.3474191748278107
0,0,0.31883090777948303
0,0,0.32147442218024375
0,0,0.23340581928249887
0,0,0.37755017109988426
0,1,0.6985478272393879
1,1,0.6007424952359883
0,1,0.5198944330331139
1,1,0.6487358417060048
0,0,0.48102689354556893
0,1,0.550528747207199
1,1,0.6038851843269535
0,1,0.6186369597468121
0,1,0.5921067470471916
0,1,0.7639455310624422
0,0,0.44430333892572965
0,0,0.23887455588755727
0,0,0.4441179607095178
0,0,0.19462543715705372
0,1,0.5752936690432269
0,0,0.45023256047392785
0,0,0.30443966357736896
0,0,0.06649238352176982
0,1,0.6656887603670356
1,0,0.3286441588352801
0,1,0.8165234032714596
0,0,0.4573166662069208
1,0,0.44722588673790825
0,0,0.48959675438186673
0,0,0.3213362958100017
1,1,0.5443774761485894
1,0,0.44794094656006656
0,0,0.33753208315970834
0,0,0.38916921662949666
0,1,0.921373058138213
0,0,0.3929925158813832
0,0,0.3400794381885907
1,1,0.635205682950459
0,0,0.44634021121226064
1,1,0.7772471702935774
1,0,0.4327773681796326
0,0,0.296166107157448
0,1,0.7385711005564102
0,1,0.5719047213486355
0,0,0.26090035636179376
0,0,0.21784485282292856
0,0,0.4781544707876232
0,0,0.39887642382432353
0,0,0.3389350965441442
0,1,0.67031953550671
1,0,0.41643780420602033
0,1,0.526831169794728
0,0,0.1220853370494969
0,0,0.35187665600260387
0,1,0.6626148470404957
0,0,0.2890271011336289
1,1,0.6699842027272599
0,0,0.4499336047035402
0,0,0.14259210141869788
0,1,0.6722465043241235
0,0,0.24757568140054398
0,0,0.38874642040756857
0,0,0.3071411099174825
0,0,0.44744163048618185
0,0,0.2063912238184347
0,0,0.4947599931436505
0,0,0.2758311495752238
0,0,0.05965765159864115
0,0,0.4256053988347279
0,0,0.32147442218024375
0,0,0.2385152354917547
0,0,0.3364064199391385
0,0,0.3168815514330748
0,0,0.2601547045003255
0,0,0.45278208209834725
0,0,0.34473385004849855
0,1,0.5273081058106001
0,1,0.5781198750195644
0,0,0.28491615833297657
0,0,0.13609028878630305
0,0,0.41037121678350497
0,1,0.564302264732424
0,0,0.47456658038616745
0,0,0.19258525332481355
1,1,0.935093177906115
0,0,0.30443966357736896
0,0,0.24748227127105346
0,1,0.5355920495406643
0,1,0.5918707856139742
0,1,0.5640002724860437
0,0,0.21044518974686796
0,0,0.4478345462645041
0,0,0.4850693043196087
0,1,0.6318594559249271
0,0,0.3746103361223818
0,0,0.4082578553398658
0,0,0.36793577926435783
1,1,0.7078044001154946
0,0,0.32939170326785494
0,0,0.48862058061689845
1,1,0.6274101120791575
0,0,0.3981482059533072
0,1,0.66193256464644
0,1,0.8305589673365289
1,0,0.3364064199391385
1,1,0.7012808945913299
0,0,0.44849685219255514
0,0,0.44068810356427707
0,0,0.2875592302588435
0,0,0.14499018304830638
0,0,0.4561609558763482
1,1,0.8655338436344675
0,1,0.6664320459862059
0,0,0.4652284522910663
0,0,0.4828976739202731
1,1,0.7219797808883486
0,0,0.4927857477773326
0,0,0.4562881544994724
0,0,0.4722127145418384
0,0,0.384392301061873
1,0,0.40766907321822843
0,1,0.6289444614973511
0,0,0.1518155553109985
0,1,0.5156198987856193
0,1,0.8075772784797378
0,0,0.09911912250476532
0,0,0.34102967596807093
0,0,0.33403770965562307
0,0,0.4119974734578593
0,1,0.7018874679033684
0,0,0.43977758431523056
0,0,0.4136929253360963
0,1,0.5151602141195526
0,0,0.4536383813114307
0,0,0.27837951635670544
0,0,0.3916164825086155
0,0,0.43571086345148496
0,0,0.30443966357736896
1,1,0.570898763463629
0,1,0.6202313109131494
0,0,0.357080035923979
0,0,0.2632226379311561
0,0,0.4475871548606246
0,0,0.1900602073336397
0,0,0.39414356370166626
1,1,0.5320880676365366
0,0,0.35385096918055836
0,0,0.20780232083890365
0,0,0.4217732918056652
0,0,0.4017853997366896
0,0,0.312249400559726
1,1,0.8085565976302653
0,0,0.4494495497437333
1,0,0.40726320559009416
0,0,0.3364064199391385
0,0,0.43343367547623196
0,0,0.4739785994905404
1,0,0.36585751703567476
0,0,0.41842833294950144
0,0,0.4082578553398658
0,0,0.35108958099850995
0,0,0.3813408760201388
0,0,0.3364064199391385
0,0,0.38874642040756857
0,0,0.20882263889272745
0,0,0.4683920427699724
0,0,0.42224436906422996
0,1,0.5730075303318138
0,1,0.5620226626602367
0,1,0.5377958377193128
0,0,0.44675113433836966
0,0,0.057680564847579816
0,0,0.3821898601420903
0,0,0.4736731193321568
0,0,0.39732759206493773
0,0,0.19928512594246922
0,1,0.66893709191812
0,0,0.4720229237728912
0,0,0.2657766340870885
0,0,0.46985409995609234
0,0,0.1709790946245483
0,1,0.5704408928640419
0,0,0.3304453040988552
0,0,0.4234182413112371
1,1,0.5580022040738722
0,1,0.5777232640133567
0,0,0.44905109876968463
0,0,0.30443966357736896
0,0,0.392327373165428
0,0,0.32147442218024375
0,0,0.14741594470305766
0,0,0.4435938270208757
1,1,0.6560676134660206
0,0,0.39525465719924213
0,0,0.18649442949937786
0,0,0.23111636985115336
1,1,0.8949881485876602
0,1,0.5386683444607446
0,0,0.4636820256264776
0,0,0.3164767070967875
1,0,0.4790295626927744
0,1,0.6122663741001937
0,0,0.433293257966621
0,0,0.4374378769767315
0,0,0.35540314153184616
0,0,0.3077099482542119
0,0,0.3273063548917086
0,0,0.13879614057050532
0,0,0.46393535974298755
0,0,0.43757794773458436
0,0,0.37478002519231673
0,1,0.6063307949881774
0,0,0.31524578844735623
0,0,0.42951552241500773
1,0,0.31104606008721014
0,1,0.5321870085041356
0,0,0.35102455155347106
0,0,0.30059949648269063
0,1,0.6623707341617877
0,0,0.47590200486404816
0,0,0.27660795047005515
0,0,0.19462543715705372
0,1,0.6007424952359883
1,1,0.6026866162752145
0,0,0.4937742511820231
1,1,0.568499691322285
0,1,0.8774481189331113
0,0,0.40717108375170447
0,0,0.16685114647484453
0,0,0.43530723210454636
0,0,0.23583882589697142
1,0,0.43748652092934337
1,0,0.37828497423597923
1,1,0.5425543908879512
0,0,0.38874642040756857
0,1,0.5902276648464976
0,0,0.3364064199391385
0,0,0.37783542402105225
0,0,0.3682798711469677
0,0,0.3364064199391385
0,0,0.2558284312755503
0,0,0.40676718091262437
0,0,0.40513091097888954
0,1,0.5191290509300122
1,1,0.5410656797201737
1,1,0.6524242791115797
0,0,0.48956627713664413
0,1,0.7760966592679016
0,0,0.328683775378202
0,0,0.426517068886145
0,1,0.562856147037066
0,1,0.5974950838837988
0,0,0.19126806468223512
0,0,0.38894656031475716
1,0,0.24680394464608507
0,0,0.4161746995107366
0,1,0.6634581863603074
0,0,0.32379845417454994
0,1,0.8090964073094341
0,0,0.27458477340110476
0,0,0.4632927889804503
0,0,0.23794130936539304
0,1,0.5031409944470944
0,0,0.4219976731279551
0,0,0.30443966357736896
1,0,0.45030403386718076
0,1,0.5284977197217299
0,0,0.4458252033935611
0,0,0.4054432375159723
0,1,0.6268289379611715
0,0,0.44078879017271944
0,0,0.21424204224500404
0,1,0.7869344473900729
0,0,0.12474285442512317
0,0,0.35268340520798913
0,0,0.4424748052571724
0,1,0.5439736533027002
1,1,0.639061823323758
0,1,0.6940017179141084
1,1,0.6856303944103902
0,0,0.4082578553398658
1,0,0.22269278385830849
0,1,0.6861253142024266
1,1,0.895262682973065
0,0,0.3865936568231373
0,0,0.26906142359189084
0,0,0.26356980584108575
1,0,0.4491414227626676
0,0,0.34473385004849855
0,0,0.4363287620546631
0,1,0.5738315269357068
1,0,0.30443966357736896
0,0,0.43842604669775626
0,0,0.27660795047005515
0,1,0.6203184639904012
0,0,0.44826031009723144
0,0,0.499134017193204
1,0,0.47846594939645004
0,0,0.4540007656174667
1,0,0.24450292862092812
1,1,0.8949881485876602
0,0,0.3985866803437763
0,0,0.4488690200161573
0,0,0.3637853912482565
0,1,0.5364895661977175
0,0,0.43727568531895494
0,0,0.4613840276502034
0,1,0.5318244275983057
0,0,0.3886794112093547
0,1,0.761234771143631
1,0,0.45759888232946033
1,0,0.4082578553398658
1,1,0.7000861776752592
0,0,0.379196517731806
1,1,0.6161852299726919
0,0,0.4563648808517273
0,0,0.34473385004849855
0,0,0.42996857150728385
1,1,0.6786902774388722
0,0,0.4529987554460051
1,0,0.41396903825142467
1,0,0.3897422626522757
1,1,0.6649234330183112
0,0,0.24560633583136465
0,1,0.6480957271222335
0,1,0.5863825996801907
0,0,0.38995374547963996
0,1,0.6150865334198555
0,0,0.344311954438103
1,0,0.49708010885151976
0,0,0.28625235622497064
0,0,0.44919908826123267
0,0,0.32391100815064694
1,0,0.4521381098171231
0,0,0.4378823229624669
0,0,0.34473385004849855
0,0,0.34473385004849855
0,0,0.08220661397776259
0,0,0.37065679697797754
0,0,0.22035339380525784
0,1,0.6068170170422418
0,0,0.33374396087619684
1,0,0.45333377146768605
0,1,0.6556762839233016
0,0,0.4853496838652367
0,0,0.3364064199391385
0,1,0.50969301370654
0,1,0.6704591849894345
0,1,0.5659972929246637
0,1,0.6214384328424977
0,0,0.3304469360478585
0,0,0.27660795047005515
0,0,0.14795552561058106
0,1,0.6460366006623568
1,0,0.43763240304605955
0,1,0.6677324178736677
0,1,0.5153489847370841
0,0,0.434410515492089
0,0,0.41385251800351175
0,1,0.6888524737931877
0,1,0.6290912890087131
0,0,0.3364064199391385
0,0,0.2772664407833041
1,1,0.6751543344754207
1,1,0.5017945471411709
0,0,0.13468794863856876
0,0,0.4115481624903645
0,0,0.45282381914531805
0,0,0.3475417816654269
0,0,0.15255405590597593
1,0,0.28489780640440654
0,0,0.4120085052923596
0,0,0.4097542140773363
0,0,0.4726160333812803
1,0,0.39137537786016774
0,0,0.3524674439684786
0,0,0.4220083064433718
0,0,0.32147442218024375
0,1,0.662493393265198
0,0,0.07734910222219311
0,0,0.43865526597075816
0,0,0.34473385004849855
1,0,0.4054432375159723
1,0,0.1289900839373259
0,1,0.6007424952359883
0,0,0.47955803251284235
0,1,0.7965728973500591
0,0,0.45814051867222416
0,1,0.567873198772844
0,1,0.587975202139527
0,0,0.4674688439298688
0,0,0.18336600304312886
0,0,0.2502000079441319
0,0,0.4500034688150638
0,0,0.4477409495947762
0,0,0.17939314921049873
1,1,0.5377958377193128
0,0,0.461332073721114
0,1,0.5675461148905433
0,0,0.2765189781934433
0,0,0.3098426016137949
0,0,0.4691074559579665
0,0,0.3166601659840628
0,0,0.49778523943554964
0,0,0.25567078153086703
0,0,0.4420163290234376
0,1,0.6357807573184254
1,1,0.6852937504494402
0,0,0.3854998972587379
0,1,0.5262076937611113
0,0,0.21316186205684864
0,0,0.42047454161953995
1,0,0.474300208317273
0,0,0.49669920264441647
1,0,0.3998503181912615
0,1,0.5988223555576181
0,0,0.2961823885875648
0,0,0.31393291351883956
0,0,0.3364064199391385
1,0,0.49839295413831003
0,0,0.31525142654928967
1,0,0.4135084028540853
0,0,0.40044079111211905
0,0,0.44679694589662833
0,0,0.4773442807622835
0,0,0.30443966357736896
0,1,0.5457352953651274
0,0,0.3001619084571706
0,1,0.694159014160198
0,0,0.2859654552231309
1,0,0.3937204946759575
0,1,0.5377958377193128
1,1,0.6662719905779794
0,0,0.30443966357736896
0,1,0.6426756206513389
0,0,0.4448160012123688
0,0,0.4397278218183396
0,0,0.14900401825165188
0,0,0.39790649323199084
0,0,0.36682509864692797
0,1,0.5974950838837988
0,1,0.6984916279489429
0,0,0.3864495806835142
0,0,0.4325306959458175
0,0,0.3284459381020622
0,0,0.35599003238795035
0,0,0.31250146533434653
0,0,0.3967204390666404
0,0,0.37025990931679764
1,1,0.6312921312257971
0,0,0.36819620035081996
0,0,0.2306179352210619
0,0,0.2701941513719575
0,0,0.31089442116530275
1,1,0.9141355479953472
0,0,0.33933294402738834
0,0,0.4424994124367101
0,1,0.8865620653248972
1,1,0.6568630072730635
0,0,0.4082578553398658
0,0,0.32257500768509945
0,0,0.3971200240487282
0,0,0.39956752417150004
1,0,0.29976054982891137
0,1,0.6284833083257652
0,0,0.35289988073827777
0,1,0.6276746362595794
0,0,0.44017433234551884
0,0,0.16147856448478984
1,1,0.5611455981096782
0,0,0.08438962910772241
0,0,0.4176466046414551
0,0,0.34473385004849855
0,0,0.18273528221112373
0,0,0.23856804108852644
0,1,0.5200474551619592
0,0,0.35285349290860435
0,1,0.6007424952359883
0,1,0.5838809959444087
1,0,0.32609193460594543
0,0,0.44702675298102285
0,0,0.4271812994009603
0,0,0.4981064646121312
0,0,0.4082578553398658
0,1,0.6065828525243209
0,0,0.3491059892211747
0,0,0.4293858104404639
0,1,0.9141150572194193
0,0,0.37251532529248016
0,0,0.24680394464608507
0,0,0.3017218497069602
0,0,0.3008071137749726
0,0,0.15012698311324513
1,1,0.6455487425080327
0,0,0.3186672469919999
0,0,0.3365775578420647
1,0,0.440159508136239
0,0,0.34771395680575873
0,0,0.4747288345216442
1,0,0.4455182356333312
0,1,0.7342142910126767
0,0,0.41003382998038007
0,0,0.4576307442279983
0,0,0.379702255661724
1,0,0.30776248853385635
0,0,0.31282930064252806
0,0,0.41978482163060193
0,0,0.32359029814269
0,0,0.21896582118498303
0,0,0.2658614821784929
1,1,0.6840219391186959
0,1,0.5460859327587532
0,1,0.6443725476252391
0,0,0.33323913915490366
0,0,0.30443966357736896
0,0,0.4950492516632938
0,1,0.5490447892554624
0,0,0.414888034707838
1,0,0.32001779440313133
0,0,0.22797453232335568
1,0,0.43210984976922134
0,0,0.3150382436137468
0,0,0.3283154916367163
0,0,0.158075452712146
0,0,0.29643159557138155
0,0,0.4348326617234931
0,1,0.5963770296932613
0,0,0.3879743479360842
0,1,0.6007424952359883
0,0,0.37284152156994493
0,0,0.4531319200334184
0,1,0.5119558078262337
0,0,0.3871224203796947
0,0,0.38874642040756857
0,0,0.4527015958031365
0,1,0.7399306447282148
0,0,0.22031462927288123
0,0,0.3364064199391385
0,0,0.48778432174383396
0,1,0.5251155425118453
0,1,0.6111605533876185
0,1,0.544413541713341
1,0,0.3766816348550635
0,0,0.41843739895062604
0,0,0.4251667426046153
0,1,0.5401172048306745
0,0,0.38750869494731954
0,0,0.4340666392230752
0,1,0.5902139192749346
0,0,0.27660795047005515
0,0,0.40949911712892345
1,0,0.16899201348163748
0,1,0.5510893960089198
0,0,0.3147870890225591
1,0,0.4806473867316557
0,0,0.3824449413189024
0,0,0.13107755273297264
0,0,0.41920904077504767
1,1,0.608444857483959
0,1,0.7851728839040008
0,0,0.3571841242105817
0,1,0.5921067470471916
0,0,0.3364064199391385
0,1,0.5024245675137953
0,0,0.22220122729314296
0,1,0.5391396042263966
1,0,0.4123470695143164
0,1,0.508629214095983
0,0,0.3189844480042731
0,1,0.5656927274388683
1,1,0.6560676134660206
0,1,0.6108113306914065
0,0,0.3504267792805592
0,0,0.4398609265064725
0,0,0.4531507136359134
0,0,0.121321141471066
0,0,0.33374396087619684
0,0,0.34473385004849855
0,1,0.5045572442721894
0,1,0.5075840753099209
0,1,0.5457917164667594
0,1,0.6073151681534259
0,0,0.09379085870405174
0,0,0.48782214713638883
0,1,0.5839611183420612
0,1,0.567399826242665
1,1,0.9161456839429873
0,1,0.6498522522369717
1,0,0.34473385004849855
0,0,0.341984672703008
0,0,0.1641525583901026
0,0,0.26779851417065453
0,0,0.30443966357736896
0,0,0.34473385004849855
0,0,0.22320769014493974
0,0,0.41959392431676085
0,0,0.4148022650452657
0,1,0.5880996985589981
0,0,0.47806791006112165
0,0,0.4543614782366038
1,1,0.5756361355214079
0,0,0.23720079732896268
0,1,0.6659035209318409
0,0,0.39739544564064994
0,0,0.4612444966774705
0,0,0.4346502350759916
0,1,0.667167791655537
0,1,0.676714992607127
0,1,0.5704987036110059
0,1,0.5167695916927382
1,1,0.5894589845539091
1,0,0.4651958789837603
0,0,0.3636766238525177
0,1,0.5464060366904907
0,1,0.63792414736004
1,1,0.6366365010607159
0,0,0.24310061459488244
0,0,0.47504932173599307
0,0,0.4512139710481052
1,0,0.27660795047005515
1,0,0.4454543238680759
0,0,0.4600186115078212
0,0,0.34473385004849855
0,0,0.4644198699076035
0,0,0.3205968071800915
0,0,0.30443966357736896
0,0,0.47110049949391225
0,1,0.6525095486858765
1,0,0.3118747195382119
0,0,0.30443966357736896
0,0,0.4600940188786903
0,0,0.42207029364934495
0,0,0.4667939266686569
0,0,0.48760485550441873
0,0,0.20928385171246827
0,0,0.39621807909338796
0,1,0.6836073555901508
0,1,0.6535998825065911
1,1,0.5477284128474966
0,1,0.8393994406040197
0,1,0.6794921757887533
1,0,0.44043241989169163
1,1,0.5025033173913204
0,1,0.5855894203151811
0,0,0.24830834903805804
0,1,0.5902276648464976
0,0,0.42388210546622146
0,1,0.5005552880098025
1,1,0.5601819637430847
0,0,0.32147442218024375
1,1,0.6463617192784433
1,1,0.5921067470471916
0,0,0.2895791098672754
0,0,0.488556799071717
0,0,0.48768230074727115
0,0,0.34473385004849855
0,0,0.45437312145654507
1,1,0.8677976888796292
0,0,0.44286748979044466
0,1,0.6082046132043467
0,1,0.6659035209318409
0,0,0.28026845654439575
0,0,0.3854615277501816
0,0,0.38318666243351795
0,0,0.41342091028587924
0,0,0.46237368070688206
0,0,0.31835495356493915
0,0,0.48718923396558006
0,0,0.30189608923522115
0,1,0.5529453471740613
1,0,0.4395066690864278
0,0,0.410925306099274
1,0,0.19345063188926404
0,0,0.2968015134229296
0,0,0.3101429821613332
1,1,0.7713786551221328
0,0,0.44591817462269506
1,0,0.42475736183202933
0,1,0.5501521485192696
0,0,0.48682366930899346
1,0,0.30443966357736896
1,0,0.42101240775550974
0,0,0.43174089980247793
0,0,0.4388043176445752
0,1,0.6870869646021641
0,0,0.34473385004849855
0,0,0.3366776354765004
0,0,0.49708010885151976
0,0,0.4636631700568093
1,0,0.19301936026846064
0,0,0.3364064199391385
0,1,0.7760966592679016
1,1,0.7576104907106564
0,0,0.4770082744036932
0,1,0.5959464974327099
0,0,0.32147442218024375
1,1,0.6272859934667878
0,1,0.5559043117386003
0,0,0.3760881832730862
0,1,0.558531281686109
1,1,0.8733037091774204
1,1,0.6950518952509359
1,1,0.5330244495024519
0,0,0.35682378450011293
0,0,0.2832868394691149
0,1,0.7760966592679016
0,0,0.2709479750458623
1,1,0.7171829498989987
0,1,0.6241118532595603
0,0,0.41979384809177667
0,0,0.27332436300292784
0,1,0.5262076937611113
0,0,0.40891694088026753
0,0,0.18553353860425528
0,0,0.27745938898606104
1,0,0.3160190983277157
0,1,0.6698655620307158
0,1,0.6101180058069755
0,1,0.5756020091025098
0,0,0.3847112811107023
0,1,0.6139653268819165
0,0,0.4182737624371694
1,0,0.46066527451852163
0,0,0.3903464247646012
0,1,0.6007424952359883
0,0,0.44351114748565224
0,0,0.44352953811234125
0,0,0.4553389330630895
1,1,0.6397069172116508
0,0,0.3547114089885135
1,1,0.9075245102602073
1,1,0.874264616770077
0,1,0.5329481058545212
0,0,0.4420817149873731
1,1,0.559673160974706
0,1,0.6007424952359883
0,0,0.49757105111759664
0,0,0.47546401282713574
0,1,0.5958509907313808
1,0,0.26442766106119336
1,1,0.5842922658495157
0,0,0.42170979605103964
0,0,0.2748468457542757
0,1,0.6243453032181373
0,0,0.29499058980742987
0,0,0.3018879188435136
1,0,0.49052297104277404
1,1,0.6445336548247217
0,0,0.29229210680829687
1,0,0.44408094774892726
1,0,0.3375582989115164
0,0,0.4312260577525142
0,0,0.4333720231342312
0,0,0.33237613295964896
1,0,0.2584642301529497
0,1,0.5909837261321511
0,0,0.40371065327665623
0,0,0.21192283772225903
0,0,0.22462768667697075
0,0,0.22888851061938972
0,0,0.3673393257871773
0,0,0.38890742676891216
0,0,0.2523200282371322
0,0,0.3364064199391385
0,1,0.5806977858510358
0,1,0.7120327592327921
0,0,0.4349986909709827
0,0,0.4590844522348106
1,1,0.8195146291856951
0,0,0.16973323944115043
1,0,0.43411866404324223
0,1,0.7547621232604393
0,0,0.3896326661366089
0,1,0.6542732178302564
0,0,0.1883642576018348
0,0,0.2046734102259646
0,0,0.2622404297959914
0,0,0.41431409664227353
1,1,0.8356695077852677
0,1,0.5442739916515072
0,0,0.4989578562524247
0,0,0.2743940167337469
0,0,0.41253462466821156
0,0,0.3242223569695308
0,0,0.35505649194973843
0,1,0.5682183304083689
0,0,0.08746269505924906
0,0,0.3380990288322772
0,0,0.4740110751629483
0,0,0.3213694512918342
0,0,0.37828497423597923
0,0,0.2756810789776325
1,0,0.37613078457897997
0,0,0.32593107066645727
0,0,0.4426643539626393
0,1,0.6633641169920507
0,1,0.5377958377193128
0,0,0.26352922901350634
0,0,0.11025272221095345
0,0,0.31484631205121266
0,0,0.4855242759441696
0,0,0.4613038237741888
0,0,0.37828497423597923
0,0,0.39545171834713333
0,1,0.5593797746491413
0,0,0.30443966357736896
1,0,0.23194940935958058
0,1,0.6515972368903676
0,0,0.4133953059841698
0,0,0.463755271657272
1,1,0.5355311830932651
0,0,0.2740138107142907
0,1,0.5703253178704877
1,1,0.8653036960728954
0,0,0.27339921390224026
0,0,0.3364064199391385
0,1,0.5908769026593321
0,1,0.7139708719486701
0,0,0.3101804748057182
0,1,0.6565507242108072
0,0,0.13633834661104963
0,0,0.4667259403464495
0,0,0.4893847184035611
0,1,0.6329185508028043
0,1,0.5862044141185089
0,0,0.4333078782061541
1,1,0.5338991926320281
0,1,0.6807379741666242
1,0,0.4278513985390781
0,0,0.2627827852919639
0,0,0.4144628409713717
0,0,0.04812932855997902
0,0,0.46018192402771263
1,1,0.8679573699327918
0,0,0.3995210550573408
0,0,0.3811976070110771
0,0,0.29015226529760996
1,0,0.31088355281065033
0,0,0.4336202137872316
0,0,0.34473385004849855
0,1,0.6032754653600019
1,1,0.7169742590189581
0,0,0.36301560548122436
0,0,0.1718831354793553
0,0,0.3342048537040299
0,1,0.6549234226128151
1,0,0.36329190948083107
0,0,0.1380695322717646
0,0,0.34473385004849855
0,0,0.46298967505656813
0,0,0.46278293680349303
1,1,0.6043540671506189
0,1,0.5005628182871891
0,0,0.41519727743645224
1,0,0.4201120888698667
0,0,0.27627274106431365
0,0,0.3969777065169433
0,0,0.4046852774174535
0,0,0.41137425818329865
1,0,0.3667364748998644
1,1,0.5409540700184858
0,0,0.4208356864962815
0,1,0.6449814397505735
1,0,0.44956461765284245
0,0,0.46074211419704086
0,0,0.2858720735156858
0,0,0.3586041849074982
0,0,0.4423900620200705
0,0,0.21309199525102596
0,0,0.3561330629390269
0,0,0.4704926602798459
0,0,0.3954943203954341
0,0,0.32147442218024375
1,0,0.164638236778657
0,0,0.29884767363599035
0,0,0.4700855101266904
0,1,0.5974950838837988
0,1,0.5932763504546115
0,0,0.49082334080978973
0,0,0.34243547337754965
0,1,0.5695888936031648
1,0,0.4658572423031834
0,0,0.4111871282291898
0,0,0.34091302257991274
0,0,0.46590136938680143
0,0,0.4082578553398658
0,1,0.603310959736326
0,1,0.5305707254803236
1,0,0.4922279577010511
0,0,0.37828497423597923
0,0,0.4128926413765927
0,0,0.43895107934146266
1,0,0.38890876662745255
0,1,0.5107602310168707
0,1,0.688745693446844
1,1,0.5045413615862017
0,0,0.2528102606722256
1,0,0.32147442218024375
0,0,0.42349808019992724
0,0,0.28477084118497875
0,0,0.28050545778394675
0,0,0.248499798873276
0,0,0.45616564468109605
0,0,0.2753585194396844
0,0,0.39694046743423816
0,0,0.30443966357736896
1,0,0.16169414572977694
0,0,0.4312115798816791
0,1,0.568226981901038
0,0,0.38220561482910864
0,1,0.5178113135527302
0,0,0.4298569163987881
0,0,0.32147442218024375
0,0,0.31770762106030653
0,0,0.32663795780154947
1,0,0.34473385004849855
0,0,0.19818731183252208
0,0,0.30171507628416405
1,1,0.605348427322412
0,1,0.5974950838837988
0,0,0.3438998920077587
0,1,0.5315878873993579
0,0,0.404180021937776
0,0,0.4382030932701287
1,0,0.45686910521523244
0,1,0.5378801475149484
0,0,0.36062239552553405
0,0,0.46033441406898884
0,1,0.7589199664748546
0,0,0.38386783669623675
0,0,0.30757921632044577
0,0,0.4726339308200735
0,0,0.29196335485978286
0,0,0.4184779034128843
0,0,0.3364064199391385
0,0,0.33636546972758224
1,0,0.34561255114914585
0,0,0.3355924016358897
0,0,0.3209512157441938
0,0,0.2317825547672476
0,0,0.44801758758751975
0,0,0.37828497423597923
0,1,0.6645336198507131
0,0,0.36681226950859264
0,0,0.39042920446802704
0,0,0.4959183724297637
0,1,0.598191683105001
1,1,0.7760966592679016
0,0,0.2737693299062918
0,1,0.6675913105089046
0,0,0.4853780800116349
1,0,0.36154557479472144
0,0,0.47376793669799294
0,0,0.31395765683079185
0,0,0.4378524985863411
1,1,0.5650510535415015
0,1,0.5757228891901848
0,0,0.4171485433452546
1,0,0.37601386441563694
0,0,0.24326264157489186
1,1,0.5534717385229331
1,0,0.4931730086998591
0,0,0.46248939955187907
0,0,0.11393356944157747
0,0,0.41414554333298415
0,0,0.4236146426441256
1,1,0.7945833194582927
0,0,0.3704076507448212
0,0,0.3622896036021233
0,0,0.34168883921287585
0,1,0.5013234694303257
0,0,0.34186285162901614
0,0,0.4674210170855863
0,0,0.439093511903366
1,1,0.7340724627855728
0,0,0.41138045582329935
0,1,0.5692374502230348
0,1,0.6426055104234446
0,1,0.6007424952359883
0,1,0.525179973752101
0,1,0.6007424952359883
0,0,0.41177459999231086
0,1,0.5205143591513256
1,0,0.27660795047005515
0,0,0.49134581552105594
0,1,0.557356337741882
0,0,0.43574708654299393
0,0,0.32709195315668216
0,0,0.32147442218024375
1,1,0.6988445270811863
0,0,0.38874642040756857
1,1,0.5071228517523927
1,0,0.4793036221190286
0,1,0.8949881485876602
0,1,0.7264795267455758
0,1,0.6122625726552191
0,1,0.5822892206248611
0,0,0.35257477576568835
1,1,0.5082128200702477
0,0,0.4550629176518471
0,1,0.6330168637742003
0,0,0.3329547886822104
1,1,0.6403537735513728
0,0,0.40176475532517736
0,0,0.48770138411855607
0,0,0.32147442218024375
0,1,0.5356903747636498
1,1,0.8949881485876602
0,0,0.21083117712573385
1,1,0.8614701833585436
0,0,0.33231566215855485
1,1,0.6747726175161897
0,0,0.32650582070420336
0,0,0.25212597646425244
0,0,0.31496078968182395
0,0,0.3364064199391385
0,1,0.525323453568508
0,1,0.5411402638554911
0,0,0.33374396087619684
0,1,0.581840152020555
0,1,0.6007424952359883
0,0,0.4254816342248225
0,0,0.36255399337864075
0,1,0.5652417612782523
0,0,0.3745083746188141
0,0,0.34473385004849855
0,0,0.12088908641931281
1,0,0.37440800342976527
0,1,0.7954474535644708
0,0,0.44622220960041925
0,0,0.40848365184572694
0,1,0.670894562979772
1,1,0.8019249632688803
0,0,0.4026457501968573
1,0,0.4775850973604157
0,0,0.4819926220733589
0,0,0.39747694773339526
0,1,0.5954418209292106
0,0,0.2576057134396615
0,0,0.48433961818301036
0,1,0.6447492723350706
0,0,0.4560522647317244
0,0,0.4082578553398658
0,0,0.31484631205121266
0,0,0.40470571175422354
0,0,0.4102595419847395
0,0,0.11168090992857274
0,0,0.4124594754214365
0,0,0.2559642242236319
0,0,0.2825476371250877
0,0,0.2860534651669995
0,0,0.11648124469771526
0,0,0.3364064199391385
0,0,0.4185003804207677
0,0,0.49217684799927935
1,1,0.5160344094515623
0,0,0.4238365599219922
0,0,0.29560784588782546
0,0,0.32147442218024375
0,0,0.4543383346721377
0,0,0.4519853653519594
1,0,0.43467206704219646
0,0,0.4423737627151083
1,0,0.27241391983397656
1,0,0.2570151938260292
0,0,0.3364064199391385
0,1,0.6074896383312455
0,0,0.4374468212147578
0,0,0.3408480326601363
0,1,0.6463941723089208
0,0,0.34751068824826487
0,1,0.6656887603670356
0,0,0.36872819349086056
0,0,0.42714996214876244
0,0,0.4054432375159723
0,0,0.3364064199391385
0,1,0.6607477373221375
1,1,0.7801151825484606
1,0,0.3364064199391385
0,1,0.5396454746800303
0,0,0.28547660137739245
0,0,0.36908742468747824
0,0,0.47213110873253616
0,1,0.5183921314633044
0,0,0.3991649454103498
0,0,0.47357932406069353
0,0,0.4333381469573218
0,0,0.41736388581341394
0,0,0.4194698866545576
0,0,0.49899637051737206
0,0,0.4021713699464955
0,0,0.4045058497241433
0,0,0.36249989868753035
1,1,0.6206520922255768
0,0,0.2866130413908725
0,1,0.5611721755273433
0,0,0.2252364150293594
1,1,0.6293610520533847
0,0,0.22582475223683693
0,1,0.6856412090020207
0,0,0.24474344556271846
0,0,0.37077847158661126
0,0,0.4267050918621934
0,0,0.4506311120836967
1,0,0.055649157773467774
0,1,0.5149729327120681
0,0,0.24830834903805804
1,0,0.4956933145286589
0,1,0.634219031025446
0,0,0.3108767383726675
0,0,0.3364064199391385
0,0,0.34186285162901614
1,1,0.9161456839429873
0,0,0.4364948473649569
0,0,0.07407502313535322
0,1,0.5804296765577024
0,0,0.375214612056145
1,1,0.508994695258758
0,0,0.46152698343976534
0,0,0.4050593602947142
0,0,0.3787936204889723
0,0,0.32147442218024375
1,0,0.37446496383801814
0,1,0.7042453087188714
0,0,0.34473385004849855
0,0,0.4743909089258913
0,0,0.4530807084081391
0,0,0.23535070885735368
0,0,0.46721553316981784
0,1,0.5703253178704877
0,0,0.4050564455628015
0,1,0.7555135265959283
0,0,0.24504516180108393
1,1,0.8653036960728954
0,0,0.4904467627921396
0,0,0.4050923343263532
0,0,0.26488473908982485
0,0,0.34087883892209203
0,0,0.2554232603215813
1,0,0.4580618041234334
0,0,0.4454451068282565
0,1,0.5708209294316411
0,0,0.20998377794823866
0,0,0.3830317624636261
0,0,0.4048936113526401
0,1,0.5424350595664897
0,0,0.3154261504911245
0,0,0.2852423634169664
1,0,0.23673920099098839
0,0,0.28984755298601883
0,1,0.6385292968709105
0,0,0.37828497423597923
0,0,0.3629390104390513
0,0,0.38874642040756857
0,0,0.2551769167785674
0,0,0.3570973406473929
0,0,0.11824652504283645
0,0,0.30443966357736896
0,0,0.37744655570967584
0,0,0.33435352679054336
0,0,0.08413502465168951
0,1,0.6572089536915003
0,0,0.34899211417144105
0,1,0.5244332175997177
0,1,0.6193157911463655
0,1,0.7252367751672564
0,0,0.45074095968313344
0,0,0.25838124918423666
1,1,0.6589786512826321
0,1,0.6358975950948167
1,0,0.41780814960756824
1,1,0.8011525860372283
0,0,0.3364064199391385
0,0,0.42914613150808734
0,0,0.44741560551258697
0,1,0.6485957784708369
0,0,0.23300005500217916
0,1,0.5575830268790186
0,0,0.4034102609229687
0,0,0.44065835214050997
0,0,0.4082578553398658
0,1,0.527247784677162
0,1,0.8217012374877334
0,0,0.3095323429421667
1,0,0.44981375799617457
1,1,0.6003031510399913
1,0,0.31015991848377145
1,0,0.1952504625241775
0,0,0.18382581064892473
0,0,0.11013440202142022
0,0,0.33374396087619684
0,0,0.4327768235951491
1,1,0.575947368472793
1,0,0.2626234795217999
0,0,0.4264514626117583
0,1,0.8824952661576958
1,0,0.38874642040756857
0,0,0.3722117614877492
0,0,0.3058180324063088
0,1,0.5073268246580777
0,0,0.37828497423597923
0,0,0.482963401571052
0,0,0.378524177484573
0,0,0.08103185325489418
0,1,0.6158164966226359
1,0,0.38874642040756857
0,0,0.37828497423597923
0,0,0.3543978739671997
1,1,0.6650818462088622
0,0,0.4490633526658238
0,1,0.5359048388381445
1,1,0.5355406347343755
0,0,0.4045215456110341
0,0,0.38894656031475716
0,0,0.30443966357736896
0,0,0.3524674439684786
0,1,0.6676416119860301
0,1,0.6622966092389504
0,0,0.4421481319130545
0,0,0.3330608708687834
0,1,0.5214190531152901
0,1,0.5525778176970993
0,0,0.3455280934040224
0,0,0.4540564123378327
0,0,0.4119858835275407
0,1,0.6913990251814146
0,0,0.35322812769302925
0,0,0.36367073331857835
1,0,0.38874642040756857
0,1,0.5044104518248979
0,0,0.22035339380525784
0,1,0.514871691629502
0,0,0.1800820113368114
0,1,0.579541524063168
0,0,0.33786143581631023
0,0,0.40622848757633334
0,0,0.3364064199391385
0,0,0.39264517748159355
0,0,0.25492854072502097
0,1,0.5068286455917725
0,0,0.2568376613172215
0,0,0.18261107216337286
0,0,0.41198980414116204
0,1,0.615362734496288
0,1,0.5665348805539785
0,1,0.6948264521660591
0,0,0.47767842949506195
0,0,0.3896221965246428
1,1,0.544325419016035
1,1,0.6830586051863022
0,0,0.21430689840079992
0,0,0.3676337112276786
0,0,0.2809583729840299
0,0,0.4634874475456067
0,0,0.46405850981297575
0,1,0.5936370835320033
1,0,0.32147442218024375
0,1,0.8096189867600038
0,0,0.4634681673866707
0,1,0.5767790770714163
0,1,0.5921067470471916
0,1,0.6661762075215046
0,0,0.41197255106635433
1,0,0.4697755091211941
0,0,0.2244222782355935
1,0,0.4531319200334184
0,0,0.394303280095832
1,1,0.5895766542317972
1,1,0.5734075472278957
0,1,0.5692751136896178
0,0,0.4054432375159723
0,0,0.3547822058176255
0,0,0.3798327540111673
0,0,0.2573796474197599
0,0,0.40072506613295955
0,0,0.350171822489173
0,0,0.4590758770299886
0,0,0.39514500907330846
0,0,0.3775135417799736
0,1,0.5322116874415036
1,1,0.7848827773633897
1,1,0.8653036960728954
0,1,0.6603801246747668
0,1,0.6007424952359883
1,1,0.9033405537435889
0,1,0.7918441091545977
0,0,0.24743649063370188
0,1,0.5290366088237359
0,1,0.7400670705435531
0,0,0.29965602301338695
0,0,0.31095210899907477
0,1,0.746785565119721
0,1,0.5377535663181983
0,0,0.32147442218024375
0,0,0.3528618138455338
0,1,0.5895429742407184
0,0,0.29921901503404974
0,1,0.5596101018846453
0,0,0.16579820381292107
0,0,0.34473385004849855
0,0,0.38874642040756857
1,1,0.5179125714103932
0,0,0.34473385004849855
0,1,0.6337228391867904
1,0,0.32064939513276974
0,0,0.36436158198118357
0,1,0.6863343261945041
0,0,0.3364064199391385
0,0,0.14039791868884466
0,0,0.38904330726742753
0,0,0.40466945474575533
0,0,0.41564029108040096
0,0,0.4296984738959764
0,0,0.45049732449784374
0,0,0.1308670340073939
0,0,0.3750525286953307
0,0,0.36453625354071156
0,1,0.5314828547373637
0,0,0.18355804038913073
0,0,0.1614805748305803
0,0,0.30443966357736896
0,1,0.5586248180106169
1,0,0.42630130006536576
0,1,0.5699019667146612
0,0,0.3573614943676044
0,0,0.4082578553398658
0,0,0.46047252925091847
0,0,0.4107949714633513
0,0,0.43168216733777337
0,0,0.4335924715705491
0,1,0.6007424952359883
0,0,0.15275172270898238
0,0,0.26622964782128283
0,0,0.37694887732482235
0,0,0.3361671164895583
0,0,0.4633931080071732
1,1,0.6009280437992309
0,0,0.38874642040756857
0,1,0.6606161650121708
0,1,0.6621723567335408
0,0,0.26470974913725254
0,0,0.3450378386517459
0,1,0.556661609045889
0,0,0.35553495447909084
0,0,0.3066733878168793
0,0,0.42108465153058283
0,0,0.28175785373472606
1,1,0.8355736893202061
0,0,0.14002123559673765
0,1,0.5790435838783994
1,0,0.4275578088877429
0,0,0.3364064199391385
1,1,0.6072040200643276
0,0,0.39080011415665483
0,0,0.40176022027790015
0,0,0.10000453524545555
0,1,0.5273351021778382
0,1,0.6632639592678108
0,0,0.45143658161526834
0,0,0.4618833562128977
1,1,0.8478962100428886
0,0,0.16363010234037167
0,0,0.23984197128660859
0,0,0.44171566460041006
0,1,0.6007424952359883
1,0,0.3685356334909992
0,1,0.6669573624906517
1,0,0.3496708002189246
0,0,0.30443966357736896
0,0,0.34473385004849855
0,0,0.3640234223910048
0,1,0.7241621406870216
0,1,0.5036786598316507
0,1,0.6190336086207577
0,0,0.3944217323738127
0,0,0.3685092469296723
0,0,0.3466437559237205
0,0,0.42797240772906747
0,0,0.3957624878623414
0,0,0.3764108021164012
0,0,0.49681957189142545
0,0,0.39805866355386205
0,0,0.22394430691378656
0,0,0.4306937919598029
0,0,0.27061230616161697
0,0,0.4781657923298558
1,1,0.7365742115913858
0,0,0.26781066704024575
1,1,0.8927503658106798
0,0,0.3364064199391385
0,0,0.2592450961297577
0,0,0.38411719268196737
0,0,0.30880753168606506
0,1,0.55036384313743
0,1,0.6620807066907302
1,0,0.45490659473906975
0,1,0.7200114874417519
0,1,0.5716649589600558
1,0,0.38452146497397877
0,0,0.42009455141986884
0,0,0.3396189723008666
0,1,0.5843569714637964
0,1,0.5526165009829499
0,0,0.39573638894087365
0,0,0.39661399242669326
0,0,0.4446731388385601
0,0,0.33374396087619684
1,1,0.8113189640054645
0,0,0.4516569999371633
0,0,0.3776140001324044
0,1,0.6007424952359883
0,0,0.4634879485653787
0,1,0.5974950838837988
0,0,0.44940691978481156
1,0,0.2942179598245679
0,0,0.35506674594717336
0,1,0.6659035209318409
0,0,0.49239926313392485
0,1,0.5145829183033809
1,1,0.5032356567401076
0,1,0.5760629407985723
0,0,0.37828497423597923
0,1,0.6531109408542346
0,0,0.34113139243777046
0,1,0.6088194670015905
0,0,0.45830376072549156
1,1,0.6616923287570778
0,0,0.43433256244093643
0,0,0.27262962568272264
0,0,0.41880603023961593
0,0,0.11022652205546032
0,1,0.7686979788753623
0,0,0.37828497423597923
0,0,0.21068175887147708
0,0,0.3257718684401384
0,1,0.7787488095061273
0,1,0.5334116504103512
1,0,0.24623453287124825
1,1,0.579442409969458
0,0,0.31070075597128943
0,0,0.437122159502352
0,1,0.8722941225784482
0,0,0.34331184678745025
0,1,0.6571584480263366
0,0,0.30443966357736896
0,0,0.32147442218024375
0,1,0.6007424952359883
0,0,0.30126956921067904
0,1,0.5928753262974996
0,0,0.18940539684288654
0,0,0.40131012653507997
0,0,0.34473385004849855
0,0,0.17938053745834184
1,0,0.1772042542013056
0,0,0.4397476916387686
0,0,0.38874642040756857
0,0,0.45452821598117477
0,0,0.3955938201077707
0,0,0.26813927983692765
0,1,0.6459292918300209
0,0,0.11701828106292486
0,0,0.2838234417320797
0,0,0.32147442218024375
0,0,0.2975649356676573
1,1,0.7063570192432014
0,0,0.28644882042019454
0,0,0.40848266402893135
0,0,0.3379439419150725
0,0,0.45807225078443686
0,1,0.6465942788203982
0,0,0.22535720283489585
0,0,0.2846351419441834
0,0,0.41540531253335505
1,0,0.460938477428458
1,0,0.3584238942455901
0,0,0.45036512148879904
0,0,0.38352116999532887
1,1,0.5867456663958133
0,0,0.4928995542398596
1,0,0.35457239769177534
0,1,0.5921067470471916
0,0,0.40146362091522025
0,0,0.35236000342879525
0,0,0.33374396087619684
0,0,0.294417846791017
0,0,0.4649917047724913
0,1,0.6007424952359883
0,0,0.3973612151457866
1,1,0.6240083075712695
0,1,0.5278869763883884
0,1,0.5619748927390062
0,0,0.36975937194502356
0,0,0.3475573640643907
0,0,0.37828497423597923
0,0,0.4054432375159723
0,0,0.3679684297959862
0,0,0.43907571822204644
0,0,0.30443966357736896
0,0,0.22057788585725194
0,0,0.32147442218024375
0,0,0.41012961461500685
0,0,0.37828497423597923
0,1,0.6203119493437028
1,1,0.5730075303318138
0,0,0.19462543715705372
0,0,0.36377765275228646
0,0,0.33374396087619684
0,1,0.5112389501538697
0,0,0.34473385004849855
0,1,0.5130746673897137
0,1,0.5493850690013744
0,1,0.6405346565649291
0,0,0.30443966357736896
0,0,0.32147442218024375
0,0,0.37068424786244575
1,1,0.6558360166010574
0,1,0.533498068826755
0,0,0.4082578553398658
1,0,0.029896848547092986
0,1,0.5211131967347166
0,0,0.30484089290769867
1,1,0.652828328849459
0,0,0.41830623086750574
0,0,0.46379160661036145
0,0,0.40275750400842814
0,1,0.6634368529378607
0,1,0.6267780111035315
0,0,0.32234553860510445
0,0,0.44482724510256144
1,1,0.7193965343050355
0,0,0.3273528800954729
0,0,0.40033764497458124
0,1,0.6777235701243345
0,1,0.5516495258781052
1,1,0.6425997091870513
1,0,0.35465721570182107
1,1,0.7074039139227464
0,1,0.5921067470471916
0,0,0.46698582200254657
0,0,0.30979755472116194
0,1,0.521951897655629
0,1,0.6018260823617748
0,0,0.4466067981270477
0,0,0.3146200544367458
0,0,0.1584639275823532
0,0,0.4268111626682219
0,0,0.3595372237468457
0,0,0.4116214655052214
0,0,0.4531388662862633
0,0,0.4022973178878279
0,0,0.1523486902087587
0,0,0.33555684224285914
0,0,0.43801073835141413
0,0,0.4541103235002529
0,0,0.27731530315460046
0,0,0.46598908071337397
0,0,0.30443966357736896
0,0,0.4788730617333048
0,0,0.3906474568102629
0,0,0.4082578553398658
1,1,0.8949881485876602
0,1,0.7197088706201439
0,0,0.43023332072142406
0,0,0.33642610602346
0,1,0.5811945981804367
0,1,0.6105116660124387
0,0,0.30443966357736896
0,0,0.15989565110224058
0,1,0.6520071324277518
0,0,0.3499310164652553
1,0,0.2709415200212082
0,1,0.5891022901599134
0,0,0.448552265737909
0,0,0.2165257083436656
0,1,0.8926825156670302
0,0,0.3314858170431045
1,1,0.8474515564455225
0,0,0.4541928957849255
0,0,0.47226098511996556
1,1,0.5868476224826403
1,1,0.7760966592679016
0,0,0.19462543715705372
0,0,0.38890876662745255
1,1,0.5534975945648019
0,0,0.21795984095333512
0,0,0.4786855688696352
0,0,0.3623150514039081
0,0,0.3067791555590954
0,0,0.38406280132680926
1,1,0.5730075303318138
0,1,0.5276544345123787
0,0,0.4796324535981268
0,0,0.335215533551212
0,0,0.19277921053427016
0,0,0.09049357099216145
0,0,0.3026217630008962
0,0,0.2691304200010314
0,0,0.2734028972492139
0,0,0.37429561917047
0,1,0.5220865139789814
0,0,0.43866654652345
1,1,0.8676701476363277
1,0,0.4530807084081391
0,1,0.6187091557736272
0,0,0.32147442218024375
0,0,0.4216340915905482
0,0,0.3016979611693332
1,1,0.8653036960728954
1,1,0.6551550716623192
0,0,0.4386562274464039
0,0,0.3219496470023083
1,1,0.7716792640710701
0,0,0.46627402089398384
0,1,0.5971883728837678
0,0,0.42108348600752477
0,1,0.6796212855392754
1,1,0.563880014384139
0,0,0.4003505750229655
0,0,0.3934346154296344
0,0,0.3193442215123237
1,1,0.6827462843882823
0,0,0.22792776098065556
1,0,0.46891926721546967
0,0,0.3730022538280368
0,1,0.5031198106819391
0,0,0.41537978112030965
0,0,0.22725285774124301
1,0,0.4522915473683115
0,0,0.34706656985947026
0,0,0.415720874482628
0,0,0.3764108021164012
1,1,0.6610446375901206
0,0,0.36485173791207215
0,0,0.34186285162901614
1,0,0.41682577387173797
0,0,0.26509337576883485
0,1,0.5627989225088826
0,0,0.40995223878759157
1,0,0.42848323598673055
0,0,0.09821064558387076
0,1,0.5974950838837988
0,0,0.1745879909482824
0,0,0.4052032219860651
0,0,0.3939435129414417
0,0,0.4009943773505903
0,0,0.3036740696867166
0,1,0.5592158953913082
0,0,0.4740317047751732
0,0,0.1691594429258671
0,1,0.5577084420629224
0,0,0.2844257266153289
0,0,0.3991602885958341
0,0,0.429824425623442
0,1,0.7584767843428664
0,0,0.27660795047005515
0,0,0.3463688239009556
1,1,0.5993173241646508
0,0,0.44455003406907523
0,0,0.4552376368340222
0,0,0.2164593320478583
0,0,0.4916932145286052
0,0,0.16008854532437905
0,0,0.4634681673866707
0,0,0.39638492741711706
0,1,0.6585180280849183
0,0,0.46867858855077016
0,1,0.6654905745640721
0,1,0.5961084454893112
0,1,0.8824952661576958
0,0,0.4530807084081391
0,0,0.4574507985003213
0,0,0.45684313610819755
0,1,0.6460550651996892
0,0,0.34880765560218335
0,0,0.3758782589165041
0,1,0.5339651286295964
0,0,0.38874642040756857
0,0,0.18408969210335058
0,0,0.30443966357736896
0,0,0.4054432375159723
0,0,0.4543268601393122
0,1,0.5900251339426763
0,0,0.44438330815112287
1,0,0.43793843228685414
0,1,0.5010121851563674
0,1,0.7156225797419478
0,0,0.4939356686922951
0,0,0.34473385004849855
0,1,0.5051990416938309
1,0,0.25372078960871886
0,0,0.30049478084181763
1,1,0.8653036960728954
0,0,0.2959050321431768
0,0,0.2954509509280688
0,0,0.3750300244687265
0,1,0.8465995992564873
0,0,0.30088381247654944
0,0,0.3462456862039377
0,0,0.4082578553398658
0,0,0.45904467481232086
0,0,0.4171930036823949
0,1,0.6909389105123284
0,0,0.4240770096142002
0,0,0.3715112527609777
0,0,0.3040991702251086
0,0,0.32147442218024375
0,0,0.4054432375159723
0,0,0.29045619129627726
0,0,0.4158909482568975
1,0,0.2548973885007054
0,1,0.6374686512975163
1,1,0.6126337760062165
0,1,0.6505265627809427
0,0,0.42516462297499524
0,1,0.5097232593190567
1,0,0.4813655943546709
1,0,0.39553310824021626
0,1,0.6666759681849097
0,1,0.517386103111692
0,0,0.3534844322570232
0,0,0.16354809711946375
0,0,0.4842297858561231
0,0,0.4674600541433156
0,0,0.2601547045003255
0,0,0.3710243431554265
0,1,0.5575665261011044
0,0,0.38800183591293386
1,0,0.4595509912528049
0,1,0.7350280311306037
0,0,0.4351491058783226
0,0,0.40738235193502037
1,1,0.6379555873672716
0,0,0.30443966357736896
0,0,0.46719297044927965
0,0,0.3511507935194025
0,0,0.4156439199050513
0,0,0.37828497423597923
0,0,0.392114479441163
0,1,0.9161456839429873
0,1,0.5389924507379684
0,0,0.33568404176685973
0,0,0.4556219746250085
0,0,0.3568742227839614
0,0,0.374028049749148
0,1,0.579578339463476
0,1,0.5819381557242034
0,0,0.34186285162901614
0,0,0.3452219250274073
0,1,0.6761408573164591
0,0,0.24680394464608507
0,0,0.30331273632398453
0,0,0.32147442218024375
0,0,0.3146294155106366
1,0,0.4219835586523004
0,0,0.2465027550711933
0,0,0.20922033327275863
1,1,0.6410823011207457
0,0,0.30443966357736896
0,0,0.47568567724693883
0,0,0.3364064199391385
0,0,0.31829949205765384
0,0,0.3714110756538184
1,1,0.6579495014782247
0,1,0.5626071263457278
1,0,0.46968621963325347
0,0,0.3364064199391385
0,0,0.43032588030740343
0,0,0.45693943456673997
0,0,0.2121671656539973
0,0,0.3524674439684786
0,0,0.4568977776433251
0,0,0.23115918409944372
1,1,0.5904270968261015
0,0,0.43445905084017133
0,0,0.4292239479692537
0,1,0.7795952135847294
1,0,0.4833538638820562
1,1,0.6948429862082363
0,0,0.43495145729248647
0,1,0.5995540145935884
0,0,0.29519911825770434
0,0,0.4394858402726017
0,0,0.47813062543665064
0,0,0.31268023754879437
0,0,0.12722978409932317
0,0,0.4458501469995488
1,0,0.495283807239566
0,0,0.42770567097297
0,0,0.1371788148990385
1,1,0.8997215979541398
0,0,0.4291968318423792
0,1,0.541940448647647
0,0,0.30443966357736896
0,0,0.36657876458337324
0,0,0.36876756430125834
0,0,0.2360355778107937
0,0,0.45471832673428325
0,0,0.2387954776180061
0,0,0.06549873050168312
0,0,0.20220596925538462
0,0,0.34186285162901614
0,1,0.5001977512472424
0,0,0.18505937301332667
0,1,0.6026277482614059
0,1,0.5876282600490789
0,0,0.430675699623393
0,0,0.4978247629224711
0,0,0.26075807433539877
0,0,0.3416942069989081
0,0,0.39630120611153496
0,1,0.5730075303318138
0,0,0.4322691335405071
0,0,0.4267371944802149
0,1,0.597942649247622
0,1,0.6636364434801096
0,0,0.34721742127620464
0,1,0.5648422370245247
0,1,0.506453535128209
0,0,0.3882221024982508
0,0,0.2654326711648108
0,0,0.45038860316107754
1,0,0.3890136446271225
0,0,0.4169567819074595
0,0,0.2919670356898363
0,0,0.34843728234248705
0,0,0.2740957788361565
0,1,0.6042629650056142
0,0,0.3841229958573323
0,0,0.4397820958408293
0,0,0.19336574458782232
1,1,0.5994578486104789
0,0,0.3166601659840628
0,0,0.4087805986351348
0,1,0.506667613127543
1,1,0.6583065116686033
0,0,0.4574503271203571
0,0,0.32116488853555397
0,1,0.5861611032846376
1,0,0.4936278305644846
0,1,0.5227219425386844
0,0,0.3815064733795104
0,0,0.4663319865878918
0,0,0.31638040403108636
0,0,0.3556158172608145
0,0,0.22352994240153098
1,0,0.2604230788046531
0,0,0.4856930951684817
0,1,0.6326214028236822
0,0,0.2953249755919608
0,0,0.36697688301645565
0,0,0.3882126509416844
0,0,0.41296435727167796
0,1,0.5905938609790207
0,1,0.6378627894918178
0,0,0.47226098511996556
0,0,0.39711163434320274
0,0,0.3395264380593432
1,0,0.43929591722014194
0,0,0.45038999472573393
1,1,0.5921067470471916
0,0,0.161846388488525
0,1,0.5064635721771407
0,0,0.12154646768548441
1,1,0.8949881485876602
0,0,0.3848430216188316
0,0,0.2341301302997319
0,0,0.44339448909900303
1,0,0.40038578896682053
0,1,0.6377807609557924
1,1,0.8949881485876602
1,0,0.24674520352740031
0,1,0.6676415455146817
0,1,0.5004908707182224
0,0,0.20790899907116897
0,1,0.5778321366072533
0,1,0.5620273771624865
1,1,0.5730075303318138
0,0,0.21665890612587546
0,0,0.47376793669799294
0,0,0.32147442218024375
0,0,0.47517591861126635
0,1,0.652315765370152
0,0,0.47865802360004767
0,0,0.45852955571616233
0,0,0.3420234042297833
0,0,0.3364064199391385
0,1,0.5362759672325969
0,0,0.4049954901940668
0,0,0.3573789212083781
1,1,0.8774481189331113
0,1,0.519022628875141
0,0,0.49253063930297564
0,0,0.3969777065169433
0,0,0.2796023123366145
0,0,0.33940038136104095
0,0,0.0708992274488513
0,0,0.3491836018734508
0,0,0.48079875910483244
1,1,0.8212040617102196
0,0,0.287313430281336
0,0,0.37083531843341355
0,0,0.22024013327011338
0,0,0.46588232120526374
0,0,0.4695576541679671
0,0,0.42553146251876495
1,1,0.6140635209264869
0,0,0.37143576908565895
0,0,0.34473385004849855
0,0,0.4186369003213041
0,0,0.4761895409617705
0,0,0.3483545323444813
0,0,0.3364064199391385
0,0,0.2945264013329604
0,0,0.34473385004849855
0,0,0.1412162005708747
0,0,0.38533400002632684
0,1,0.5193415881697869
0,0,0.37999480247952444
0,0,0.32147442218024375
0,1,0.6174978396072727
0,1,0.5237423180734159
0,1,0.6209500576460918
0,0,0.25287430181921866
0,1,0.5128481883391666
0,0,0.40440813440446155
0,0,0.26909016935623203
0,1,0.692891262032778
0,0,0.4834753104968535
0,0,0.2218158996198187
0,0,0.39288799056461926
0,0,0.34028308873680496
0,0,0.32147442218024375
0,1,0.8653036960728954
0,0,0.3716311652359577
1,1,0.6398204667051403
1,0,0.35717162831533944
0,1,0.7574055489116135
1,1,0.6674819754340343
1,1,0.8824952661576958
0,0,0.3060503648472162
0,1,0.5716467500608234
0,1,0.5040265932342718
0,0,0.46379160661036145
0,0,0.4182045278092758
0,1,0.5921067470471916
0,1,0.5258837353567551
1,1,0.8814103313843659
0,0,0.49708010885151976
0,0,0.3145145525507262
0,1,0.622155022261452
0,0,0.310866329369354
0,0,0.38874642040756857
0,0,0.22714213821200155
0,0,0.45148441079129775
0,0,0.3459179113313401
0,0,0.406619978220359
1,1,0.6620216144098101
0,1,0.6263751624089334
0,0,0.26692655276719274
1,1,0.6891681076496291
0,0,0.379886598024031
0,0,0.47096456983695834
0,0,0.31250146533434653
1,0,0.4157978478323985
0,0,0.2882237914780977
0,0,0.4432396559181
1,0,0.3219496470023083
1,1,0.8197541368993067
1,1,0.829370493480867
0,0,0.4904990520742335
0,1,0.6391730501795259
1,0,0.3539501604466319
1,0,0.3340925281127111
0,0,0.33374396087619684
0,0,0.48872044380729235
0,0,0.3364064199391385
0,0,0.11873789066318571
0,0,0.18880636304383125
1,0,0.43249653747904215
0,1,0.6047676833785736
0,1,0.5262076937611113
1,1,0.850796762354511
0,0,0.3364064199391385
0,0,0.3695867532114547
1,0,0.45822471123191655
0,1,0.6882951637889865
0,0,0.4382218471431688
0,1,0.7992955831629327
0,0,0.10679146428395468
0,0,0.37828497423597923
0,0,0.4529149577374495
0,1,0.6028599776206364
0,0,0.34367097962838344
0,1,0.866010794070792
1,1,0.7801151825484606
0,0,0.27660795047005515
0,1,0.6261869436944559
0,0,0.30443966357736896
0,0,0.42055797075209667
1,1,0.6792768768268076
0,1,0.6196973913864356
1,1,0.6007424952359883
0,1,0.8653036960728954
0,1,0.6783910187607466
0,0,0.27279464972081613
1,0,0.3364064199391385
1,0,0.43709626947721225
0,0,0.3935819574970108
0,0,0.43727933000066943
0,0,0.4082578553398658
1,0,0.44011804773924446
0,0,0.37602529555126296
1,1,0.6691197971344143
1,1,0.8932778522960692
0,0,0.45644758589301104
0,1,0.5217854387408242
0,0,0.44118391728966905
0,0,0.37929872382304786
0,1,0.6427869089115935
1,0,0.3219496470023083
0,0,0.3841272779870008
0,1,0.5377569543003191
0,0,0.3364064199391385
0,0,0.37828497423597923
1,1,0.5449087397653053
0,0,0.44131747429488755
0,0,0.32147442218024375
1,1,0.8197000957922937
0,0,0.22878062129874704
0,0,0.3821145019742921
1,1,0.812901301736599
0,1,0.5730075303318138
0,0,0.37828497423597923
1,1,0.7922872072112785
0,0,0.3870791654207432
0,0,0.11542042535902292
0,0,0.4023288364175604
0,1,0.6547956851195288
1,1,0.6882679820464461
0,0,0.27660795047005515
0,1,0.7801151825484606
0,0,0.32712918399287605
0,1,0.5061720909655696
0,0,0.44530136089209826
0,1,0.5392252228476766
0,0,0.40861264983697976
0,0,0.28813441468768247
1,1,0.828126443911894
0,0,0.4387346119833884
1,1,0.6007424952359883
0,0,0.2169256082896721
1,0,0.16943704789269698
0,1,0.6054529638659049
1,0,0.3448782394291131
0,0,0.3608285096373758
0,0,0.39340177714269925
1,0,0.3988146316805117
0,0,0.4387855332125299
0,0,0.0821947323033028
0,0,0.2774886842966794
1,1,0.655513982302569
0,0,0.4050660407990163
0,1,0.532137684204712
0,0,0.06191381320847173
1,1,0.6359116331661305
0,0,0.1612290494544566
1,1,0.7146433075367115
1,1,0.5697460804798634
0,0,0.3296495765560639
0,0,0.448060601493022
0,0,0.36773985636840834
0,0,0.4513067527782678
0,1,0.6007424952359883
0,0,0.49596475632968956
0,0,0.47566661954317896
0,1,0.6446361625001724
1,0,0.13758967446900264
0,1,0.5043972913778444
0,0,0.47789668719580414
0,0,0.4469678811917395
0,0,0.3693618297404162
0,0,0.30443966357736896
0,0,0.26718795989336724
1,0,0.4745956395314395
1,0,0.383712571824856
0,0,0.36019261118953255
1,1,0.8185761438283273
1,0,0.43479754736190074
0,0,0.3524674439684786
0,0,0.3342049494736325
1,0,0.4309607910626021
0,0,0.2185187134727626
0,0,0.13510184103534537
0,0,0.30443966357736896
1,1,0.5519259715377188
0,0,0.34003387535929414
0,0,0.48460306683227783
0,1,0.6390805866410488
1,0,0.32147442218024375
0,1,0.5184953821988706
0,0,0.10129387735150176
0,0,0.3146294155106366
0,0,0.33232218209719194
0,0,0.3114034447779017
1,0,0.480225090964325
0,0,0.4218150512465567
0,0,0.4239457077615899
1,1,0.7628103034930934
0,0,0.35071759749792153
0,0,0.27133876567183
0,0,0.46313958986660186
0,1,0.6801848022463457
0,0,0.39135321274579504
0,1,0.5164228398158204
0,1,0.659343624725247
0,0,0.47982366517608765
0,0,0.4739785994905404
0,0,0.46956263649781316
0,0,0.20845325337059795
0,0,0.32147442218024375
0,1,0.5604458558536078
1,1,0.6528071606552991
1,0,0.38874642040756857
0,0,0.4157097189493982
0,0,0.17377014688962594
0,0,0.41768984167988027
0,0,0.17905198787059662
0,0,0.4810542748140678
0,0,0.45701112425148854
0,0,0.42903517137644276
0,0,0.41553416449216507
0,0,0.08285106104407067
1,0,0.3049318819336004
0,0,0.06035854267523058
1,1,0.6208808960214388
1,1,0.5533240493292055
0,0,0.42285478352475586
0,1,0.6066913152781575
1,0,0.4187069067861858
0,0,0.44888438635112204
0,0,0.43185566826202276
0,0,0.4391233947807178
0,0,0.20756088014493698
0,0,0.4554580496016214
1,0,0.32147442218024375
1,0,0.4082578553398658
0,1,0.7049556453903278
1,0,0.4092788030497632
0,0,0.3364064199391385
0,0,0.47679698182828006
1,0,0.3002591585176293
0,0,0.42957644235542825
0,0,0.4281122322832725
0,0,0.31459394796120344
0,0,0.38310320929715064
0,0,0.36850565083131887
0,1,0.6687558090748762
0,1,0.6477144283045426
0,0,0.38886891010349195
0,1,0.5135579004100216
1,0,0.23902031484205688
0,1,0.6714326442133056
0,0,0.2422276679026018
1,1,0.6916662670428941
0,0,0.32147442218024375
0,0,0.22234767187253113
0,0,0.26407092961210277
0,0,0.4308138339579133
0,0,0.36207186681529635
0,1,0.653546942429744
1,1,0.7884706836692309
0,0,0.38874642040756857
0,0,0.44237048854267436
0,0,0.11640447284642778
0,0,0.3879704836787892
0,1,0.6316958568241149
0,0,0.3421747665892754
0,0,0.45487259798079543
0,0,0.3364064199391385
1,1,0.6109250380655011
0,0,0.4306892695330353
0,0,0.09205904838631665
0,1,0.5790435838783994
0,0,0.4496079879473672
0,0,0.4082578553398658
0,0,0.37248194586533145
0,0,0.2903825614693615
0,0,0.17502954158326772
0,1,0.5327966135319507
0,0,0.32147442218024375
0,0,0.41830623086750574
0,1,0.5038591691622074
0,1,0.8774481189331113
0,1,0.5730075303318138
0,0,0.4200859686079096
0,0,0.4949730720480181
0,0,0.14240820279661717
0,0,0.2653839427504559
0,0,0.4330495693902923
0,0,0.16558384307320792
0,0,0.34406822307194523
0,0,0.3700936725151468
0,0,0.17710141123655992
0,0,0.36052972715116455
0,0,0.08986061066323961
0,0,0.4591528862769877
0,1,0.5921067470471916
0,0,0.45555408515347207
0,0,0.37301282427180926
0,0,0.3617202853481875
0,0,0.4908391639407065
0,0,0.38612416465533517
0,0,0.3001676323349997
0,0,0.35717689752827864
0,0,0.42541996675380733
0,0,0.37828497423597923
0,0,0.2914027753944024
0,0,0.32147442218024375
0,0,0.4842938414570961
0,0,0.1905799324327999
0,0,0.3936844879286521
0,1,0.6841277080155458
0,0,0.42546006316537754
0,0,0.23914442395543958
0,1,0.6593259040297047
0,0,0.4089837221580966
0,0,0.27660795047005515
0,0,0.30675227599375765
0,0,0.4370191131187802
0,0,0.15299152813559738
0,1,0.6821773598493283
0,0,0.27780622575107683
1,0,0.3973976995297538
1,0,0.37828497423597923
1,1,0.6596277080352201
0,0,0.17160573742083482
0,0,0.30443966357736896
0,0,0.2835452766261671
1,0,0.1668025868693271
0,0,0.35665060260276965
0,0,0.3538563910013116
0,1,0.671349453212196
0,0,0.4269863393276153
1,1,0.8436201960739405
0,0,0.05927947161920768
0,1,0.6134194143042412
0,0,0.31484631205121266
0,1,0.8931090072079285
1,1,0.5683837349498149
0,0,0.3364064199391385
0,0,0.45182816881443516
0,0,0.38303466493411936
0,0,0.38733809658405455
0,0,0.47050368241029916
0,0,0.38305228717639433
0,0,0.33911214146739155
1,1,0.8452544093942533
1,0,0.3483667516000554
1,0,0.4902529025201795
0,0,0.34539519713841416
0,0,0.41858591279208573
0,0,0.4140473541765794
0,0,0.4615339368610556
0,1,0.5379045773180189
0,0,0.30443966357736896
1,0,0.3201069083856921
0,1,0.6302977481718233
0,0,0.1752589864781641
0,0,0.26294902161879563
0,0,0.12854742729936125
0,0,0.21841320241356268
0,1,0.5598891690979799
1,1,0.6293642686006954
0,0,0.29167026075971086
0,0,0.3098299911215097
0,0,0.487825483573328
0,1,0.5256611778553071
0,0,0.3758263393410265
1,1,0.6227814533753965
0,0,0.4229311218368388
0,0,0.3259177222043973
0,0,0.38245151462333116
1,1,0.8870330270413828
1,1,0.544972842849925
0,1,0.5190481919587469
0,1,0.6377900381437547
0,0,0.1614918566684359
1,1,0.6316604556273882
0,0,0.4870863852307036
0,0,0.3805528769075922
0,1,0.6013425544878945
0,0,0.49315306693877003
0,0,0.24363491270654303
0,0,0.4123518148547788
0,0,0.4526205410108309
0,0,0.4789281530364465
0,0,0.31484631205121266
0,0,0.4352171083480785
0,0,0.30443966357736896
0,0,0.29325703457220054
1,0,0.22887879406254266
1,0,0.4587737502508366
0,0,0.4344288284542285
0,0,0.3595884161879673
0,0,0.4178620245902128
0,0,0.10900190682406982
0,0,0.2962609321372188
0,0,0.3339535062185526
0,0,0.44423085560420633
1,0,0.3695461104142382
0,1,0.5430572938663109
0,1,0.5054598340387728
0,0,0.383743871344052
0,0,0.41338296869933727
1,0,0.386956618311495
1,0,0.38968520101228915
1,0,0.3364064199391385
0,0,0.38563867848363204
0,1,0.5209086370128262
0,0,0.22295458902189785
0,0,0.3625520045424196
0,0,0.07635084936793804
0,0,0.3330570241233279
1,1,0.6375943635485041
1,1,0.6200482404817547
0,0,0.27660795047005515
0,0,0.3395410490734302
0,0,0.448050159557523
0,0,0.40142771968129115
0,1,0.6125080576446558
0,0,0.4965300791991685
0,0,0.3364064199391385
0,0,0.33374396087619684
0,1,0.6137621224591627
0,0,0.42893285278066107
0,0,0.47263873908964477
0,0,0.34278354042210263
0,0,0.21857754205444352
0,0,0.14740415761725328
0,0,0.4428708435111613
1,0,0.3929046429925795
0,1,0.6016032431454387
0,0,0.36876756430125834
0,1,0.5527816609243048
1,1,0.5154537676072019
0,0,0.2571379865033106
0,1,0.6455379574127952
0,0,0.49369370018633724
0,0,0.40341110677078457
0,0,0.3965077016108247
0,1,0.5970738066119875
0,1,0.6631360132327411
0,0,0.312249400559726
0,1,0.6520570896516111
0,0,0.30874880107874086
0,1,0.6231313842473362
1,0,0.32147442218024375
0,0,0.4124500511803303
0,0,0.4310965359420522
0,0,0.43745348641112863
0,1,0.836851835634737
0,0,0.32147442218024375
0,0,0.27895088716109523
0,0,0.4342658925436454
0,0,0.30443966357736896
0,0,0.4082578553398658
1,0,0.44067452164612597
0,0,0.30443966357736896
0,0,0.3764108021164012
0,0,0.41543409987094526
0,0,0.34473385004849855
0,1,0.8120894569269314
0,0,0.4756343471458212
0,1,0.6998082752264094
1,0,0.3193957813087985
0,0,0.31271890824184373
0,0,0.4220706505039878
0,1,0.6007424952359883
0,0,0.33374396087619684
0,0,0.3884473480114014
0,0,0.453729059998695
1,0,0.4366153339596491
0,0,0.07849511411796653
0,1,0.8653036960728954
0,1,0.682633926344953
0,0,0.463019622849442
0,0,0.08495989557831968
0,0,0.33374396087619684
1,1,0.5939770454435257
0,0,0.3922607011241027
0,0,0.41727205288221725
1,0,0.30443966357736896
0,0,0.4267371944802149
0,0,0.34052019571381154
0,1,0.5179101142860086
0,1,0.5158202138982942
1,0,0.43411856991630265
0,0,0.39785971666473896
0,0,0.4082735188168893
0,0,0.4570844460509489
0,1,0.6798504278726767
0,0,0.27660795047005515
0,0,0.39561006572999713
0,0,0.2533481906627634
0,0,0.34473385004849855
1,0,0.45025798116939425
0,0,0.3128171181156803
0,0,0.2443733269110446
0,0,0.349409711850245
0,0,0.4940635818265198
0,0,0.15639459147769855
0,0,0.34473385004849855
0,0,0.25145542002203974
0,0,0.37005848522323737
1,1,0.5032490806165228
0,1,0.6068901121792876
1,0,0.3529784523118613
0,1,0.5997975584717968
0,0,0.37486060257541953
1,1,0.5498063717612398
0,0,0.35140836920354535
0,0,0.34473385004849855
0,0,0.41757619251847317
0,0,0.36395881975174954
0,0,0.4670475146444418
1,0,0.3719295715979835
0,0,0.12099750556938946
0,1,0.5674993206010109
0,0,0.3399498933679147
1,1,0.7760966592679016
0,0,0.18256956930177068
0,0,0.40081175356441345
0,1,0.5920867313083543
0,0,0.19336574458782232
0,0,0.13336674149311245
0,1,0.5233783174032295
0,1,0.5921067470471916
0,0,0.2508867287522808
0,0,0.4132222096565592
0,0,0.3149339624417549
0,0,0.3689450483050543
0,0,0.47138436527441097
0,0,0.2627620413346241
0,0,0.3742037199169762
0,0,0.42637421271692205
1,1,0.5641249614845633
0,0,0.37828497423597923
0,0,0.4808437053627163
1,1,0.5545624236293419
0,0,0.43086039861800857
0,0,0.3747944853515482
0,0,0.461941464910572
0,0,0.3539689117519912
0,0,0.3388396202272571
0,0,0.2495197022966796
0,0,0.38001680025259105
0,0,0.3645593518175807
0,0,0.3092494331144336
0,0,0.3242441871429265
0,0,0.17898484965543743
0,1,0.5932763504546115
0,0,0.49493715695948776
1,1,0.5126683641638756
0,1,0.6431420466579815
0,0,0.4082578553398658
0,0,0.46015300150169264
0,0,0.4082578553398658
0,0,0.3562655389302506
0,0,0.19456902286700448
0,0,0.45445326419454257
0,0,0.38993372998427067
0,0,0.08621204604191868
0,1,0.6012989847110437
0,0,0.38299421347063634
0,0,0.4082578553398658
0,0,0.32741589710780405
1,0,0.3970475922331447
0,0,0.31510529442074536
0,0,0.422014198970012
0,0,0.45082350099109497
0,0,0.3933374537915046
0,1,0.6553363569228347
0,0,0.4253636095339577
0,0,0.4708643818714438
0,0,0.34473385004849855
0,0,0.46437153345965787
0,0,0.06839642785785488
0,0,0.3960749390478053
1,1,0.5706767340331718
1,0,0.4764619933472726
0,1,0.5323893614200098
0,0,0.39372040506920114
0,0,0.36651365985177414
0,0,0.4469934096149391
0,0,0.4537918199065596
0,1,0.6277545755735153
1,1,0.6152803696324718
0,0,0.4118350091728373
0,1,0.733838998171121
0,1,0.8949881485876602
0,1,0.6528267588615977
0,0,0.2600449791150733
0,0,0.30443966357736896
0,0,0.3606789046934263
0,0,0.24873862080752634
0,1,0.587176343187327
1,0,0.4686616057449024
0,0,0.24624981513803276
1,0,0.4809526792338843
0,0,0.22538593964511747
1,1,0.6566005851226068
1,1,0.6601454247842861
0,0,0.29647349678489354
0,0,0.31959166388980037
0,0,0.34473385004849855
0,0,0.3404102345626831
0,0,0.4530807084081391
0,0,0.33374396087619684
0,0,0.20307675241868126
0,1,0.5021844218393096
0,0,0.2353617091940159
0,0,0.40847450840747435
0,0,0.2944722259782706
0,0,0.33374396087619684
0,0,0.2270487432524139
0,0,0.39888140168843095
1,0,0.4382030932701287
0,0,0.4710494911220816
0,0,0.4709374826055528
0,0,0.44004892183197186
0,0,0.373196800650636
0,0,0.4396232241719231
0,0,0.06837601737187422
0,1,0.8949881485876602
0,1,0.6213492411924133
0,0,0.3581790692011086
1,0,0.4221115415195986
0,1,0.5525462976404801
0,0,0.34473385004849855
1,1,0.6913557678434225
0,1,0.5324369202114858
0,1,0.7790976889715099
0,0,0.4500219514262655
0,0,0.34473385004849855
0,0,0.30418800115933503
0,0,0.2772060943821061
0,0,0.08943659443981487
0,1,0.847592724717002
0,0,0.26163824334935165
0,0,0.4202099670178508
1,1,0.6148695393621153
0,0,0.3387202901984332
1,1,0.6627009574791909
1,1,0.6432269082913187
0,0,0.3436097422500818
0,0,0.4751449599163964
0,0,0.31863206183852083
0,0,0.30443966357736896
0,0,0.4089029890279324
0,0,0.24010786337153517
0,0,0.4908621093388587
0,0,0.37410894874770306
1,0,0.34473385004849855
0,0,0.2576260447692258
1,1,0.8769864952497411
0,0,0.4576855809948957
0,0,0.4266318138703537
0,0,0.3000986258433455
0,0,0.49674347773102817
0,0,0.3437428818259241
0,0,0.4383426169869824
0,0,0.21801126485941702
0,0,0.4399257577610333
0,1,0.5407095797557819
0,0,0.44401511722312165
0,0,0.4044785792016061
0,0,0.37828497423597923
0,0,0.42483732855118134
0,1,0.6483807497423556
0,0,0.3767680095132801
1,1,0.5931196700914894
1,0,0.41032544831172674
0,1,0.6007424952359883
0,0,0.20033967965317165
0,1,0.6138293246705089
0,0,0.2942967846519393
0,0,0.37425646222325454
1,1,0.6363549077291993
0,0,0.1600501107175061
0,0,0.4530807084081391
0,0,0.23977635660946367
0,0,0.34473385004849855
0,0,0.36579447354195077
0,0,0.414493242380574
0,1,0.5169121529903533
0,1,0.5905881848605351
0,0,0.28553572453666903
0,0,0.46917422234499506
0,0,0.38874642040756857
0,1,0.5149729327120681
0,0,0.14893749340460682
1,0,0.37237160157936755
0,0,0.34670684085050957
0,0,0.3364064199391385
0,0,0.3579582889180972
0,1,0.5585701900302786
0,0,0.34358202911376223
0,0,0.42162461065858253
0,0,0.27689161056567624
0,0,0.4577677061172071
0,1,0.7996526232718374
0,0,0.38635998365999386
1,1,0.5335549779499589
0,0,0.23914442395543958
1,1,0.6669573624906517
0,1,0.5163541920121654
0,1,0.6272946362782231
1,0,0.42563739591835664
0,0,0.4818750367055479
1,1,0.5170878499654965
0,0,0.1435437007322129
0,0,0.36323381810072836
0,0,0.34473385004849855
0,0,0.38874642040756857
0,1,0.7933908529449533
0,0,0.4293860310791599
0,0,0.3633865588681458
1,1,0.6142540979480879
0,0,0.41164613116034016
0,0,0.4442631401760177
1,1,0.5040913328011033
0,0,0.3365775578420647
0,0,0.43906846505527164
0,0,0.48257707603157307
0,0,0.4047029768130426
1,1,0.800459067274235
0,0,0.4082578553398658
0,0,0.17849126057656264
0,0,0.3954135653734243
0,0,0.2832510846234928
0,1,0.6158501764605425
0,0,0.4776095543783778
0,0,0.43562752630849666
0,0,0.44981169245749214
0,0,0.40893620123188557
0,0,0.35231808697244205
0,0,0.28148447548526034
1,0,0.44748957717221477
0,1,0.7266922497496018
0,1,0.6921909314142937
0,1,0.606004836283243
1,0,0.33223112954069073
0,0,0.23101022406122973
0,0,0.34473385004849855
0,0,0.4848191493875602
0,1,0.7305229851197137
0,0,0.41559562077926304
1,1,0.5765455427347517
0,1,0.5083703445994036
0,1,0.8639852933326728
0,0,0.41075944939267683
0,0,0.4676469936340561
0,0,0.33588576928546476
1,0,0.4517277713267307
0,0,0.44840493087094757
1,0,0.2694146969510994
0,0,0.34473385004849855
0,0,0.3952017559080513
1,1,0.5412545055937243
0,0,0.40240408890763424
0,0,0.2769575930583035
0,1,0.6603328302562463
0,0,0.2552614294880392
1,1,0.5866227248249519
0,0,0.46327611378172273
0,0,0.11998537457993401
0,0,0.27675067060192554
0,0,0.2661648513707068
0,1,0.5545723651398468
0,0,0.36867877824508793
0,0,0.44477566151540376
1,1,0.613206939671511
0,0,0.2569576034485909
0,0,0.30443966357736896
0,0,0.375557262286773
0,0,0.42642354791535825
0,0,0.46530937023287494
0,0,0.3361043586249404
0,0,0.3809545449072367
0,0,0.30730184415201073
0,0,0.40487225899626095
0,0,0.23987307458627288
1,1,0.5130746673897137
0,0,0.32187551933107184
0,1,0.6659035209318409
0,0,0.32147442218024375
1,1,0.6488997689924293
1,0,0.21729513206124446
0,0,0.33791635884715693
1,1,0.6065195008470644
0,0,0.3379658968992384
0,0,0.3454580324346207
0,1,0.6088563016438673
0,0,0.20067697159304795
1,1,0.6133544254127629
0,0,0.1959378973930845
0,0,0.32263499504558873
0,0,0.44162799351519805
0,1,0.8653036960728954
1,1,0.6029919438906094
1,1,0.6007424952359883
0,1,0.510669034011035
0,0,0.40094481478983623
0,0,0.47873900841516465
1,1,0.6735068433185621
0,1,0.5355445346520681
0,0,0.45636234055651553
0,0,0.4552676387019797
0,0,0.4981522990849116
0,0,0.37869208600818716
0,0,0.45549052723919853
0,1,0.6060127694465948
0,0,0.32147442218024375
1,1,0.9043393005128826
0,1,0.6434958533721411
0,0,0.47173860345728497
0,1,0.6007424952359883
0,0,0.32147442218024375
1,1,0.8576475598991861
0,0,0.4665808503975214
0,0,0.30443966357736896
0,0,0.4202141636190422
0,0,0.29132060634094775
0,0,0.39902499124798535
0,1,0.5038112761388303
0,0,0.3466437559237205
1,0,0.29172737025588563
0,0,0.45942052755516555
0,0,0.45312565742928246
0,0,0.44142006690726027
0,0,0.3868652030181013
0,0,0.44990376844692587
0,0,0.42605404717064976
0,0,0.2629849523534336
0,0,0.44538329158953527
0,0,0.42813284817957425
1,0,0.44573559991864364
0,0,0.34473385004849855
0,1,0.6575072381221669
0,1,0.7640014871826377
0,1,0.5927370696298808
0,0,0.30443966357736896
0,0,0.29478422738605187
0,0,0.44246543504092883
0,0,0.36280315995569246
1,1,0.8653036960728954
0,1,0.6087870335660537
0,0,0.31022217931498125
1,0,0.3185736983193666
0,0,0.4754332514290954
0,0,0.37284152156994493
0,0,0.12762803411748516
1,1,0.6028454372796173
0,0,0.376219466461213
0,0,0.4082578553398658
0,0,0.48692008617076704
1,0,0.1764744481152612
1,0,0.4681057248148291
0,1,0.6007424952359883
0,0,0.32147442218024375
0,1,0.7184362977931945
0,0,0.32147442218024375
0,0,0.05948577560078374
0,1,0.5129621846893169
1,1,0.7389890726341273
1,0,0.19359711461127385
0,0,0.35506674594717336
0,1,0.5759594116534738
1,1,0.6007424952359883
0,0,0.22766239051587192
1,0,0.46867858855077016
1,1,0.6873646583328747
0,1,0.5730075303318138
0,0,0.29928267672302206
0,0,0.26868030251746744
0,0,0.41541877961780466
1,1,0.5496212726891928
0,1,0.5923227745238895
0,0,0.34473385004849855
0,0,0.3364064199391385
1,0,0.3836130492541266
0,1,0.6641183256967735
0,0,0.3364064199391385
0,1,0.6007424952359883
0,0,0.32147442218024375
0,1,0.5783815317023768
1,0,0.4622780338093918
0,0,0.4217848010141812
0,0,0.1381456718183582
1,0,0.41044250090955897
0,1,0.6220619299945407
0,1,0.5502165734221854
0,0,0.30829218192087493
0,0,0.17233235595033253
0,0,0.3106483946123019
1,1,0.8653036960728954
0,0,0.44124876064784896
0,1,0.7322603474507786
0,1,0.5030885983493368
1,0,0.46332241191067225
1,1,0.7519971431542288
0,1,0.65907943068264
0,0,0.3365775578420647
0,1,0.6049427465886197
1,0,0.4423737627151083
0,1,0.5196495385425847
0,0,0.38874642040756857
0,0,0.4185915401410638
0,1,0.5706540711519751
0,0,0.18197526529819397
1,0,0.24575260740028654
0,0,0.3727105548275211
0,1,0.5730527811878036
0,1,0.5730075303318138
0,1,0.5412185178741215
1,1,0.640735289026065
0,0,0.38874642040756857
0,1,0.530389291215699
0,1,0.6800046604066214
0,0,0.29752325620471276
0,0,0.47865964069415573
0,0,0.40805710823700875
0,0,0.2992545193441412
1,1,0.7111032050763889
0,1,0.6805337461052112
0,0,0.35506674594717336
1,1,0.6007424952359883
0,0,0.33835624882109877
0,0,0.3600986452352587
0,0,0.39740084798658276
0,0,0.44971479637654566
0,0,0.37688896836369196
1,1,0.587975202139527
0,0,0.43709626947721225
1,1,0.7774826409946853
0,1,0.6395829041427838
0,0,0.4622789599345641
0,0,0.32147442218024375
0,0,0.3564470761018066
0,0,0.2626749435056784
0,0,0.3315594063064096
0,1,0.6505785525803194
0,0,0.1403665224049325
0,0,0.2590293417272843
0,0,0.4506024518896737
0,0,0.3364064199391385
0,0,0.2900595481967098
0,1,0.5953631394080934
0,1,0.5974950838837988
0,0,0.4087115589080676
0,0,0.42579744171338224
0,0,0.25044198167013115
0,1,0.7439635900852785
0,0,0.46850566049940257
0,0,0.35473069633387716
0,1,0.5137602999450099
0,0,0.47210354119676434
0,0,0.4030479741660056
1,0,0.34890507552425226
0,0,0.23363494202625018
0,0,0.42115740820330483
1,0,0.2503707047445181
1,0,0.3364064199391385
1,1,0.5514879383695785
0,0,0.25999786370291683
0,1,0.5119374582243142
0,0,0.4718810978842297
1,0,0.37421553464249624
0,0,0.32509990512312686
0,0,0.43048420862842457
0,0,0.31692788546980294
0,1,0.519234874621731
0,0,0.22402069721501733
0,1,0.6669776015494451
0,0,0.32147442218024375
0,1,0.5142000977941295
0,1,0.6651788099045642
0,0,0.36611526374133324
0,0,0.3985348466847738
0,1,0.7827151354500843
0,0,0.3944210178101346
0,0,0.24314728906478114
0,0,0.09559498446208235
0,0,0.3443288362064012
0,0,0.3660463234709135
0,0,0.21855027383627862
0,0,0.30127886293561135
0,0,0.15140842708090527
0,1,0.5750880751316101
1,1,0.5581682179230242
1,1,0.5296254403892936
0,0,0.19715545763995024
0,0,0.38874642040756857
0,1,0.5116274915625125
0,0,0.3791553341579726
0,0,0.2962710539603595
1,1,0.8653036960728954
1,0,0.48956627713664413
0,0,0.430974292367087
0,1,0.504205697136375
0,0,0.29379657396653663
0,0,0.3415439943855788
0,0,0.3978768349895765
1,1,0.8653036960728954
1,0,0.3185736983193666
0,0,0.38648456132116854
0,0,0.35856407303159027
0,0,0.3319786063258183
0,0,0.4031375788142476
0,1,0.6292046661669009
0,0,0.4211380720778748
0,0,0.43846465998792916
1,0,0.49767084785598387
0,0,0.4403354942706504
1,0,0.34898790832696297
0,0,0.4054432375159723
0,0,0.27807467172597317
0,1,0.6096091219089994
0,0,0.30443966357736896
0,0,0.3696125349301326
0,0,0.4082578553398658
0,1,0.7064657729730287
0,0,0.4673758984470905
1,0,0.4487799585015297
0,0,0.3032977378069112
0,0,0.35352508522855247
0,0,0.27742032455024573
0,0,0.32884372001662526
0,0,0.41791195104097856
0,0,0.30387600013734706
1,1,0.653781756101253
0,0,0.4087805986351348
0,0,0.45784181721083106
0,0,0.33374396087619684
0,0,0.49384265265616467
0,0,0.4349901754452112
0,1,0.5928780889772612
0,0,0.3364064199391385
0,0,0.3999490539738053
0,1,0.5472054404115715
0,1,0.5855894203151811
0,0,0.401704124115363
1,1,0.691929793135979
0,0,0.21254157913526697
0,0,0.4498814657690202
0,0,0.27910979225715177
0,0,0.32147442218024375
0,0,0.44199358372555553
0,0,0.37283389616223644
0,0,0.38728696895876474
0,0,0.32147442218024375
0,0,0.49012264020214424
1,0,0.2366751959700123
0,1,0.700609336129024
0,0,0.42352999469857977
0,0,0.3675468821252028
0,0,0.30443966357736896
0,0,0.3249077207895128
0,0,0.3232365636262554
0,1,0.6236028208711593
0,1,0.6806956770204639
0,1,0.5974950838837988
0,0,0.3636122176895247
0,0,0.15308802640645217
0,1,0.5470526491061418
0,1,0.7298696163176132
0,0,0.33374396087619684
0,0,0.3554588670847364
0,0,0.3513469434379968
1,1,0.5903078232153224
1,0,0.2947257489517773
0,0,0.29598623895711274
0,0,0.4492198621082344
0,0,0.27070649098181315
0,1,0.7760966592679016
1,1,0.6622446901870895
0,1,0.505752395505621
0,0,0.27109398256868283
0,0,0.49021106565212863
0,0,0.21518745910089485
0,0,0.30443966357736896
1,1,0.6313540084206595
0,1,0.5901365751425629
0,1,0.542272092920452
0,1,0.6472273295989487
0,0,0.44722290702243367
1,1,0.5807777145545411
0,0,0.2222804684491849
1,0,0.39797792598918075
0,1,0.6500003614151335
0,0,0.30443966357736896
0,0,0.4099636134214659
0,0,0.31180582955613295
0,1,0.678995990486712
0,0,0.22769015036431287
0,0,0.24100456963948594
0,1,0.5149729327120681
1,0,0.4953171872224675
0,1,0.5904972289609449
0,0,0.47728293316276665
0,0,0.4843533014409149
0,0,0.3364064199391385
0,0,0.3890839009968975
1,0,0.4082578553398658
0,0,0.10905473105996949
0,1,0.6224874011959319
0,0,0.34473385004849855
0,0,0.22123867696946506
0,0,0.3352159311827608
0,0,0.14012177837689088
0,1,0.639600285828615
0,0,0.3235928059189097
0,0,0.30324325223075377
0,1,0.5995963875288126
0,0,0.3978742513324387
0,1,0.507786388240299
0,1,0.6365112990935171
0,0,0.30443966357736896
0,0,0.443921985176136
0,0,0.4446298589632715
1,1,0.8949881485876602
0,0,0.3694394914670862
0,1,0.8949881485876602
0,0,0.16228904328681937
0,0,0.4141798214811687
0,0,0.30443966357736896
1,0,0.33374396087619684
1,0,0.44238200410174
0,1,0.6007424952359883
0,0,0.3971453000712949
0,0,0.4717029870668867
0,0,0.21889317093498967
0,0,0.16698597439339316
1,1,0.8653036960728954
0,0,0.1673486314601764
0,1,0.5183290726974417
1,0,0.326378689625123
0,1,0.5506959975072797
0,0,0.4082578553398658
0,0,0.42122284925208237
0,1,0.8056280601722869
0,1,0.6739320139565202
0,0,0.4554513282627011
0,1,0.7563648179484633
0,1,0.5304921770385757
0,0,0.31250146533434653
0,0,0.49360867981169804
0,1,0.5806814503716007
0,1,0.6393956109743177
0,1,0.6594059905708498
0,0,0.3364064199391385
0,0,0.4181059993103403
0,0,0.34865342891049833
0,0,0.3788713049353847
0,0,0.34473385004849855
0,0,0.36881860267950706
0,0,0.18509065457348556
0,0,0.37828497423597923
1,1,0.5974950838837988
0,0,0.2860137061733867
0,1,0.8653036960728954
0,0,0.11927260663742859
0,0,0.30443966357736896
0,0,0.3948072815002291
0,0,0.49327743567488797
0,0,0.26233236770828766
1,0,0.4300373382502246
0,0,0.44406541020312756
0,0,0.44380651173870417
0,0,0.3174775524973665
0,1,0.6367633411486039
1,0,0.3876054364770777
1,1,0.6007424952359883
0,0,0.1717159433300546
1,0,0.4694036646289119
0,0,0.0855725874312988
0,0,0.35188243008510517
0,0,0.3071126023021352
0,0,0.10349563083776296
1,1,0.6894276179445762
0,0,0.3991371088325444
0,0,0.372808883403017
0,1,0.6364583721691385
0,0,0.46723487869456537
0,1,0.6959682436105528
0,0,0.20896880736863296
0,0,0.27660795047005515
0,1,0.5445246847632228
0,0,0.42081952991125754
0,1,0.5488914958618328
0,0,0.38777780472730256
0,0,0.3999490539738053
1,1,0.7067105827599907
0,0,0.3364064199391385
1,1,0.6170255204949956
1,0,0.45369268982474703
0,0,0.3020665061126421
0,0,0.44866791019240315
0,1,0.5389020099104683
0,1,0.6226171207076354
0,0,0.38874642040756857
0,0,0.46724090760029346
1,0,0.47788358813896803
0,1,0.6144770714787084
0,0,0.3468462583214069
0,0,0.3279432078139954
1,1,0.8949881485876602
0,0,0.2872886574115273
1,0,0.26258620890631024
0,0,0.31799077437102014
0,1,0.6054755112738085
1,1,0.7123810002787165
0,0,0.33374396087619684
0,0,0.32836943555881337
0,0,0.4686616057449024
0,0,0.32833911904680446
0,0,0.32147442218024375
0,0,0.34503828113520835
0,1,0.5375430392933463
0,0,0.3825059113970725
1,1,0.6182465588797466
0,0,0.22539512227631478
0,0,0.3202836824406786
0,0,0.1742590028798757
0,0,0.46753317669050487
0,1,0.6194869932473037
0,1,0.7856514966292495
0,0,0.4902583277565822
0,0,0.38874642040756857
0,0,0.39536183138489117
0,0,0.3756526002795156
0,1,0.8263297757364426
1,1,0.7105631688760724
0,0,0.3364064199391385
0,0,0.367242364036796
0,0,0.49462423635902664
0,0,0.27660795047005515
1,0,0.30443966357736896
1,1,0.6354497037866595
0,0,0.45406736520338237
0,0,0.3680867096286274
0,0,0.25450193553501377
0,0,0.26547483162431196
0,0,0.19609989536810304
0,1,0.6364214545863718
0,0,0.42328714330345235
0,0,0.38874642040756857
0,0,0.08861871074041759
0,0,0.41154789742641107
1,0,0.2755168344999946
0,1,0.6880263798216194
0,0,0.22370259690940916
0,0,0.32112191595630873
0,0,0.47040549840278223
0,0,0.4530320840262739
0,0,0.4133056909628363
0,1,0.6161674174409487
0,0,0.2143700798225329
1,0,0.31902816530889583
0,0,0.17574939075014964
0,1,0.5548438476872977
0,1,0.5251382311053769
0,0,0.4676469936340561
0,0,0.48985924020600274
0,0,0.14201827483526827
0,1,0.6026976642051713
0,0,0.4961653450623647
0,0,0.19880656866534668
0,0,0.33541996724639844
0,1,0.6583506547405051
0,1,0.5631809011801845
0,0,0.39354031348524143
0,1,0.6423328430961249
0,1,0.65867302439378
1,0,0.3905339412271791
0,0,0.4319902834866135
0,1,0.6043699603020994
0,0,0.3057999681011946
0,1,0.6973260748836146
0,0,0.28782961778475386
1,1,0.6376664364467742
1,0,0.37225311181636583
0,0,0.34473385004849855
0,0,0.27452650583834703
0,1,0.6848993843796922
0,0,0.35555415588353356
0,0,0.488614840302235
1,0,0.36752819448467394
0,0,0.40089981516897266
0,0,0.37828497423597923
0,1,0.5745949426288203
1,1,0.5857609836728258
0,1,0.5966278552393555
0,1,0.5160315316537317
0,0,0.42601160814443545
0,0,0.33374396087619684
0,0,0.312249400559726
0,1,0.6358167020656383
0,0,0.4363973380614055
0,0,0.25276990496367957
1,0,0.30413514141636383
0,0,0.417347934226039
1,0,0.44659347720021325
0,1,0.5068785797536958
0,0,0.2990419953032975
0,0,0.32674599910678054
0,0,0.1529935514617032
0,0,0.34473385004849855
0,0,0.42277573209764147
0,0,0.40275042536051164
0,0,0.4935364909096203
0,0,0.22304417057003864
0,0,0.47018280777602217
0,0,0.11552624020737884
0,0,0.4140174725325804
0,0,0.12054996638968435
1,1,0.8824952661576958
0,0,0.1882339849243217
1,1,0.6646859722822939
0,0,0.28606906660067244
0,0,0.33618823426966243
0,0,0.34473385004849855
0,1,0.6865893108802437
0,1,0.6550902963967297
0,0,0.41223366566190683
0,0,0.470930620106793
0,0,0.19378126238813806
1,1,0.5484777901166735
0,0,0.48688021078067123
1,1,0.7222654531144617
0,1,0.5527564154674911
0,1,0.6068170170422418
0,0,0.468431366932026
0,0,0.30443966357736896
1,1,0.6793884065665712
0,1,0.5383568053381829
0,0,0.30443966357736896
0,0,0.48159690471825206
0,0,0.09093635412924635
0,0,0.32147442218024375
0,1,0.8006933473589074
0,0,0.4358683614268551
1,0,0.4244612772792075
0,0,0.29024596022493804
0,1,0.5262800582837771
0,0,0.26598329025753026
0,0,0.4500196317398698
0,0,0.37818415261306154
0,1,0.62185578408973
0,0,0.1560401844604626
0,0,0.4681057248148291
0,0,0.4712516618548356
0,0,0.27660795047005515
0,0,0.3737663525014043
1,1,0.6197406083859732
0,1,0.5003647511883104
0,0,0.4289012717810034
0,0,0.4082578553398658
1,1,0.5904361789268011
0,1,0.5114522153934434
0,1,0.5189734235874642
1,0,0.4667797764307233
0,0,0.2837946849395923
0,1,0.5795044433937313
0,0,0.2601100807689932
0,1,0.609588692819198
0,1,0.5404796187161938
0,0,0.1789758715775907
0,0,0.4346249490333767
0,0,0.16057989007746337
0,0,0.4020460975520109
0,0,0.46164520520355995
0,0,0.08910880247966972
1,0,0.24608830403203888
0,0,0.32622639536882697
0,0,0.37828497423597923
0,1,0.7736818811795815
0,0,0.26003141687903514
0,0,0.4323915754896437
0,0,0.31250146533434653
0,0,0.400037635063782
0,1,0.5129207430619188
0,0,0.34143382377059595
0,0,0.40380880569315875
0,0,0.4520238704035941
0,1,0.722861876085122
0,1,0.5067832013844379
0,0,0.4691008592437232
0,1,0.6640712274104601
1,1,0.5429380349066438
1,0,0.24680394464608507
0,0,0.17872987060774834
0,0,0.23746207919721257
0,1,0.5277267845596468
0,0,0.309118386999332
0,0,0.4693275481198113
0,1,0.6220947764888451
0,1,0.5549514644594303
0,0,0.45704977533317015
0,1,0.866010794070792
0,0,0.441254560061647
0,0,0.2752628651908933
1,0,0.3363534364096538
0,1,0.65058149382286
0,1,0.6019227336346326
0,0,0.3467022521779747
0,0,0.25646274275089315
0,1,0.5130021621230942
0,0,0.417614558976176
0,0,0.4311724828283006
0,0,0.43906846505527164
0,0,0.34473385004849855
0,1,0.6683264059859264
1,1,0.6270217827661062
0,0,0.4179014831050879
0,0,0.43358973884290936
0,1,0.6426055104234446
0,1,0.6032597279175799
0,0,0.3801884277792895
0,1,0.5362599074590062
0,1,0.6462185938935041
1,1,0.5357203048416717
0,1,0.5921067470471916
0,1,0.5223334830780824
0,0,0.4573801617356985
0,0,0.49519738411563036
0,0,0.37828497423597923
0,1,0.5863421302814715
0,0,0.27660795047005515
0,0,0.30443966357736896
0,1,0.6515407551884462
1,1,0.6794199754326156
0,0,0.374972801239803
0,0,0.3514542707518251
0,1,0.6179090348646996
1,0,0.2530085769697042
0,0,0.4082578553398658
0,0,0.3970267285548393
0,0,0.35352508522855247
0,0,0.4054432375159723
0,0,0.4803450253391278
0,1,0.5459651655589511
0,1,0.5403722773630013
0,0,0.30443966357736896
0,0,0.26470974913725254
0,1,0.6870335758951291
1,0,0.4810962283236523
0,0,0.38501898882632635
0,0,0.20963497653453314
0,1,0.5641556575427724
0,0,0.2568137458892618
0,0,0.3779940257396109
0,0,0.36577051503886826
0,0,0.4553280884234938
0,0,0.4685686767117445
0,1,0.5937203419002198
1,0,0.4700337608705622
0,0,0.4500698731739673
0,0,0.36768100926246317
0,0,0.4054432375159723
0,0,0.3364064199391385
0,1,0.6305694129244992
0,1,0.5799244562195103
1,1,0.5295095362244889
0,0,0.45722574059292853
0,1,0.5480240932420478
0,0,0.3698208679352965
0,0,0.375277546608043
1,0,0.37075099668017897
0,0,0.3738749558165958
0,0,0.43709626947721225
1,0,0.3679678778648559
0,0,0.30443966357736896
0,0,0.31960704057449774
0,0,0.43690693529457647
1,1,0.5408718109600256
0,0,0.4091062180885062
1,0,0.24830834903805804
0,0,0.4595931235971461
0,0,0.3045610139970603
1,0,0.4137473675939358
0,0,0.4156366921900694
0,1,0.6007424952359883
0,0,0.4580095448772803
1,1,0.5922233839441464
0,1,0.8668015946063369
0,0,0.24765122326204558
1,1,0.7067105827599907
0,1,0.5222059693548918
0,0,0.3605937047633862
0,0,0.30941016888393136
0,0,0.45323830857036523
0,0,0.4008548266928893
0,0,0.34607379404696886
0,0,0.16237677738370615
0,0,0.47572642216178457
0,0,0.4082578553398658
1,1,0.8550408437342991
1,1,0.8949881485876602
0,0,0.35809016976725
0,1,0.6718094262631742
0,1,0.6723178424097986
1,1,0.8949881485876602
1,0,0.4683650853374656
0,0,0.3784037484752386
1,1,0.6237296726749799
0,0,0.2500788211646046
0,0,0.3130275351098116
0,1,0.7746898783776016
0,1,0.5829202149536007
1,1,0.5922693943013485
0,0,0.04525001698854447
0,1,0.7922393481747897
0,0,0.481828899732134
0,1,0.5921067470471916
1,0,0.41073314740834055
0,0,0.28096026331065116
0,0,0.46852595737544184
0,0,0.49888544540472063
0,0,0.23162272649861043
0,0,0.08631780395024174
0,0,0.4578804305611424
0,0,0.3935841324391955
0,0,0.19336574458782232
1,1,0.676902123768444
0,1,0.6129475176058061
0,0,0.39870369742332845
1,0,0.4226065826420374
0,0,0.1789758715775907
0,1,0.7625851335407244
0,0,0.4181130011664786
1,1,0.8865620653248972
0,0,0.33608132040188365
0,0,0.39870187292619436
0,1,0.5138538691992997
1,1,0.5031188509138329
0,0,0.46837699791540127
0,0,0.4608578766534749
1,0,0.4131212590668637
1,0,0.3035623950014864
1,1,0.5267642050870194
0,0,0.4325306959458175
0,0,0.09499131155677165
1,1,0.8313428318999403
0,0,0.4403793830013741
1,0,0.44880753608808327
0,0,0.4817994223541318
0,0,0.32147442218024375
0,0,0.32147442218024375
0,0,0.38297252783988367
1,1,0.6120258137345499
0,1,0.76684386458406
0,0,0.3464423940961211
0,1,0.6002090512029262
0,1,0.672861977021498
1,1,0.8287115680317333
0,0,0.29243702779222924
0,0,0.40267786312268233
0,0,0.27660795047005515
1,0,0.486307482291964
0,0,0.28311119619338165
0,0,0.4543614782366038
1,1,0.8824952661576958
0,0,0.3606308806654483
0,0,0.3364064199391385
0,0,0.33300670974322805
0,1,0.6686885036121284
0,0,0.4817301949428641
0,0,0.21884352568000998
0,0,0.43110699419045506
1,1,0.8073704969083682
0,0,0.30234925544121793
0,0,0.30148639074982025
0,0,0.37070323922689097
0,0,0.4495423809456668
0,0,0.46332692057243624
0,0,0.11748241891578921
1,1,0.6007424952359883
0,1,0.647369541103464
0,1,0.5932763504546115
1,0,0.38400597792209695
0,1,0.5561578678397379
0,1,0.5661809161838625
0,0,0.14825066250741128
0,0,0.4495455249883121
0,0,0.288690837790205
0,0,0.44034003560879736
0,0,0.32479524630078793
1,0,0.4049917339258016
0,0,0.34473385004849855
1,0,0.3782234411776491
0,0,0.11287507545992748
0,1,0.5406505030830926
0,0,0.34473385004849855
0,0,0.3939761492365063
0,0,0.3861893220719619
0,0,0.333114718626527
1,0,0.3554439924880684
0,0,0.4002015922566544
0,0,0.3466437559237205
0,0,0.23827512148375596
0,1,0.5417204429052217
0,0,0.4572441216642943
0,0,0.3364064199391385
1,1,0.8615643443934237
0,0,0.4230191743912445
0,0,0.4440534561292495
0,1,0.7617329721729909
1,1,0.6531452617343629
0,0,0.32182787146155134
0,0,0.4188202935846421
0,1,0.5113011236917915
0,0,0.39221828411852727
1,1,0.633501586597121
0,0,0.3373817678308682
0,1,0.866010794070792
0,0,0.45565840494120474
0,1,0.5865058713112686
1,1,0.5428920024794271
1,0,0.45162076256317135
1,1,0.7410780615888276
0,0,0.07959135322557105
0,1,0.5962604301392626
1,1,0.546556299187456
0,0,0.3786671193864351
1,0,0.33083386099890816
0,1,0.6297933661083133
0,1,0.5127685065260681
0,0,0.461171636959578
0,1,0.6656476248138739
1,0,0.4094874054341842
0,1,0.6073351900127911
0,0,0.3270487151448757
1,1,0.9373395418822695
0,0,0.39128136721125506
1,1,0.5905284725238512
0,0,0.4682945105277026
0,0,0.3904505404257287
1,0,0.4866769685038814
0,0,0.205760441684823
0,1,0.5000109863481813
0,0,0.42941417533432424
0,0,0.40105781808058366
0,0,0.4064682153151657
0,0,0.4603129739024887
1,0,0.17567794266412734
0,0,0.249818127334575
0,0,0.3378402767903229
0,0,0.301999514498183
0,0,0.48708585103454716
0,0,0.44151977682081
1,0,0.4018419780011746
0,0,0.3759768690827655
0,1,0.5378490489739542
0,0,0.3364064199391385
0,0,0.43899620349542734
0,0,0.27660795047005515
0,0,0.3086435213641104
0,0,0.44582561912229346
0,0,0.3985100986317445
0,1,0.5829202149536007
0,0,0.4507432264584157
0,0,0.4355945800279119
0,1,0.7149609302905018
0,0,0.41304773907188985
0,0,0.35294737271417903
0,0,0.38874642040756857
1,0,0.4422768718781085
0,0,0.42366673311599573
0,1,0.528563736923196
0,0,0.4298555983263945
1,1,0.579246191667042
0,0,0.408751678735964
1,0,0.35767898165661843
0,0,0.4054432375159723
0,0,0.3893795464759632
1,1,0.6218799655020064
0,0,0.3762610720510632
0,0,0.39849307787886856
0,1,0.6651929126329913
0,0,0.43794729535548
0,0,0.3007544927479214
0,0,0.417347934226039
0,0,0.45658648045750694
0,0,0.09841403431847966
0,0,0.38978887891081637
0,0,0.44668582671696055
0,0,0.27727770747025277
0,0,0.39400189210957404
0,0,0.22320996264063006
0,1,0.7931416232988195
0,0,0.34473385004849855
0,1,0.6713393524528553
0,1,0.7760966592679016
0,0,0.31484631205121266
0,1,0.5974950838837988
0,0,0.38874642040756857
0,0,0.31347676121130785
0,0,0.24792742180342117
0,0,0.30851654590483557
0,1,0.7931416232988195
0,0,0.2923789796118879
0,1,0.6612601956543245
0,0,0.34199143278212396
0,0,0.18168486225982824
0,0,0.4739785994905404
0,0,0.4107336697140993
0,0,0.4401825499353974
0,0,0.34473385004849855
1,1,0.6782731363277944
0,1,0.6007424952359883
0,0,0.248499798873276
0,0,0.4822108635756528
0,0,0.4053554042106337
0,1,0.5955150049382404
1,1,0.6875486796010982
0,0,0.2339347834802557
0,0,0.3867430674866166
1,0,0.285894952614379
0,0,0.33227586211863114
0,0,0.2875547545114444
0,1,0.603549679437053
0,0,0.1184811410306835
0,1,0.8304808435617888
0,1,0.5189179041410557
0,1,0.6385578486688066
0,0,0.3288465690361155
0,1,0.5785523639548082
0,0,0.3342826094803344
0,0,0.41549933297358776
0,0,0.29026872475888943
0,1,0.610275471781705
1,0,0.270192567817123
0,0,0.32093200146712136
0,0,0.09480739019046945
0,1,0.5693551838581405
0,0,0.30591012287338837
0,1,0.5962586245235466
0,0,0.38881850605957813
0,1,0.501129166586725
0,0,0.2446393004244847
0,0,0.44395482613623444
0,0,0.29294206927001765
1,1,0.8657713976716418
0,0,0.4082578553398658
0,0,0.34473385004849855
0,1,0.5680335991070193
0,1,0.6527252194359756
0,0,0.23088987399670322
0,0,0.29377211605270287
0,0,0.31250146533434653
1,1,0.5889012312306826
0,0,0.4127584996681716
0,0,0.36387573156814823
0,0,0.18352980006808073
0,0,0.2211123692277983
0,0,0.3780941839736419
0,0,0.1889211790543518
0,0,0.303117397291687
0,0,0.32147442218024375
0,1,0.5377958377193128
0,0,0.33444907082323466
1,0,0.4082578553398658
0,1,0.6082257459994098
0,0,0.38606219109094275
0,0,0.26804962561838036
0,0,0.34473385004849855
0,0,0.3251012473280886
0,0,0.4684974290394834
1,1,0.6901410272900498
0,0,0.4079297825133867
0,0,0.36481152517415116
0,0,0.24680394464608507
0,0,0.35140836920354535
1,0,0.31122215904069583
0,1,0.5210302807767986
0,0,0.3406618646972813
0,0,0.3364064199391385
0,0,0.3626944555910935
0,1,0.5913665770358224
0,0,0.2745006980664829
0,0,0.46637413052079374
0,0,0.29045619129627726
0,0,0.2539166899597437
0,1,0.6068170170422418
0,0,0.4566360250390033
0,0,0.26178839252802016
0,0,0.21986602025709856
0,1,0.7992630131367021
0,0,0.3535610828402517
0,1,0.5730075303318138
0,0,0.2848175899236847
0,1,0.544225204873804
0,0,0.45010798627813475
0,0,0.25306127565687786
1,1,0.5426592172656252
0,0,0.4082578553398658
1,0,0.43744729287520956
1,1,0.6279973522771025
0,0,0.4440691731123384
1,1,0.53470023838571
0,0,0.387010417517419
0,0,0.34191465630508205
0,0,0.4424451386068992
1,0,0.4664722329912856
0,0,0.3366656336876206
0,0,0.4639128407438981
1,0,0.34473385004849855
0,0,0.4336553530027422
0,1,0.5111192365514772
0,0,0.33622071486425364
0,0,0.3098426016137949
0,0,0.3576616452378259
0,0,0.19558239056080012
0,0,0.49320575961992774
0,0,0.47483248511654197
0,0,0.33443286287116747
0,0,0.36986995684243323
0,0,0.38117938256729106
0,1,0.6426419378607701
0,1,0.5008729133913445
0,1,0.5388630060118035
0,0,0.32147442218024375
1,1,0.5933616992794433
0,1,0.6443477690072613
0,0,0.40152965667147783
1,1,0.5525112370832137
1,1,0.8733037091774204
0,0,0.3102580772656545
0,1,0.66035760990875
0,1,0.5862312768944536
0,0,0.47935819298470567
0,0,0.3379150183569271
1,1,0.7071300634817411
0,0,0.4082578553398658
1,0,0.30523725681799163
0,0,0.40434435645584876
0,1,0.5231758838263751
0,0,0.41136610115911837
1,1,0.6835821337414572
0,1,0.5514528437429411
0,0,0.30443966357736896
0,1,0.6179252232227243
1,1,0.5538278784107498
0,0,0.4563496264569986
0,0,0.33952897322925724
0,1,0.5037419754105876
0,0,0.3534883654165893
1,0,0.46152698343976534
0,0,0.3574444665979288
0,1,0.7925468720545947
0,1,0.5337578213588278
0,0,0.4693654931262431
0,0,0.30219314205038617
0,1,0.6622966092389504
0,0,0.2734028972492139
0,0,0.42764754635061203
0,0,0.3391774143338747
0,0,0.4857313044469289
0,0,0.19462543715705372
0,1,0.5903770511246942
0,1,0.7116501250938111
0,0,0.12287747239216171
0,0,0.30443966357736896
0,0,0.4654032258411968
0,0,0.4419948693573097
1,1,0.8949881485876602
0,1,0.6530283377800545
0,0,0.4613387039646057
0,0,0.19462543715705372
0,0,0.42490865722094734
0,0,0.41751577316491584
0,0,0.06214049486186109
0,0,0.37828497423597923
0,0,0.40820166883503584
0,0,0.32147442218024375
1,0,0.40098730605039995
0,0,0.4547161075387824
0,0,0.4309293815699313
1,0,0.40232950192439115
0,0,0.3438161073318745
0,0,0.37678477618269035
0,0,0.2900744813389998
0,1,0.5135213671333171
1,1,0.6193682362904555
0,0,0.46580087716271135
0,0,0.34473385004849855
0,0,0.4693004194103946
0,0,0.1737785704662948
1,1,0.8709069652593542
0,0,0.21805993582958588
0,0,0.2292180575101626
0,0,0.2929449323609948
0,0,0.32709420985254023
1,1,0.5692044809262353
0,0,0.3622124282447146
1,1,0.7486341150578222
0,0,0.4311569583865333
0,1,0.5263014473449692
0,0,0.4750622031129892
0,0,0.3327960125632307
0,0,0.37821557357633623
0,0,0.44831277278260606
1,0,0.45184036230768915
0,0,0.3541444333105842
1,1,0.6644485713496868
1,1,0.9161456839429873
0,0,0.38537249225024844
0,0,0.39354777375002514
0,1,0.6344711626378029
0,0,0.3680207186938833
0,1,0.5611721755273433
0,0,0.48383810229733565
0,0,0.3207294223234602
0,0,0.4846888863642575
0,0,0.3715006081057604
0,1,0.504706876909021
0,0,0.3485040242756028
0,0,0.4245796733281963
0,1,0.6431705787454283
0,0,0.4624039689506392
0,0,0.4874961225706669
1,0,0.33374396087619684
1,1,0.6275355115150552
1,1,0.8174942943456031
0,0,0.37158966368580615
0,1,0.8951713148361413
0,1,0.5224401270708008
0,0,0.3598661888369519
0,0,0.36680809644980095
0,0,0.3654757844626794
0,0,0.3969777065169433
0,0,0.3542319897119039
0,0,0.3580777485802646
0,1,0.6467547855401542
0,0,0.459974398667343
0,0,0.46152698343976534
0,1,0.5870228878150721
1,1,0.6425144419492239
0,0,0.4924659907349673
0,0,0.33640682267814837
1,0,0.34880212817216694
0,0,0.310169280053342
0,1,0.6112330430879965
1,1,0.5686486753102477
0,0,0.37189274759357305
0,0,0.30443966357736896
0,0,0.29720535885793176
0,1,0.631112229075134
0,0,0.45558559441756563
0,1,0.6363838335847235
0,0,0.3779073087963091
0,0,0.4084043625319318
0,1,0.5375194586572081
1,0,0.4823015106393557
1,1,0.6056845859098938
0,0,0.4519853653519594
0,0,0.38874642040756857
1,1,0.8769864952497411
0,0,0.34473385004849855
0,0,0.43860039283128455
0,0,0.38455905541560365
0,0,0.31016704726583194
1,0,0.3440257110956955
0,0,0.3525590938997348
0,0,0.4893939439048266
0,0,0.36076135892913463
0,0,0.44951865589261597
0,0,0.2380290749158922
0,0,0.32147442218024375
0,0,0.44494736127646395
0,0,0.4320403974630479
0,1,0.7104959167693737
0,1,0.6994113266536384
0,1,0.5089232232057809
0,1,0.6152138130730423
0,0,0.44989506141108265
0,0,0.3629142637682179
0,0,0.3364064199391385
0,0,0.40628787234800523
0,0,0.4559626480862345
1,1,0.5500006349260071
1,0,0.09188342565180117
1,0,0.38874642040756857
0,0,0.4469470918317586
0,0,0.11958579806844187
0,0,0.4555966641495912
0,0,0.37267731063332576
0,1,0.6435109669617346
0,0,0.31452511756492846
0,0,0.4216728366257091
0,0,0.28350287371761707
0,1,0.6007424952359883
0,0,0.4048506618591588
0,0,0.2758025853107503
0,1,0.5730075303318138
0,0,0.4531319200334184
0,0,0.4287573151132334
0,0,0.32147442218024375
1,1,0.5151210289341246
0,0,0.243283210598103
0,0,0.43808352056132277
0,1,0.7824087829831762
0,0,0.3796804925639549
0,1,0.5043693326142297
0,0,0.35987803318441924
0,1,0.5421313913087377
0,0,0.42340040128284845
0,0,0.1882339849243217
0,0,0.32916378901236165
0,0,0.358611244602999
0,1,0.5779114002481978
0,0,0.47269581868118776
0,0,0.4720301585033575
1,1,0.5969843329926192
0,0,0.40975132323278757
1,0,0.4465577417899052
0,0,0.4560522647317244
0,0,0.3175718899041498
0,0,0.34473385004849855
0,0,0.17955522226239498
1,1,0.5630763861531896
0,1,0.5761919093073107
0,0,0.4543614782366038
0,0,0.37174170728098804
0,1,0.5778298679322111
0,0,0.4049929747347832
0,1,0.8612272255354665
0,0,0.48972499326098035
0,0,0.31003551334009455
0,0,0.30057513405469327
0,0,0.33374396087619684
1,1,0.5181694671904454
0,0,0.34473385004849855
0,0,0.15511864072798182
0,0,0.31272280780642453
0,0,0.31011122917047407
0,0,0.3437509194178202
0,0,0.34473385004849855
1,1,0.8769864952497411
0,0,0.40345095223081895
0,0,0.42794074749880895
0,1,0.544934203653909
0,0,0.4622496862307728
0,0,0.31473856120952454
0,0,0.3220033864441552
0,1,0.6560849324409602
0,0,0.4171485433452546
0,1,0.5118493577193618
0,1,0.8949881485876602
0,0,0.4135044500782146
0,0,0.38874642040756857
0,1,0.616393721086632
0,0,0.30443966357736896
0,0,0.3677893631252652
0,0,0.20693313071439315
0,0,0.4122240485737136
0,0,0.3599994962396992
0,0,0.32571635357545253
0,1,0.634046480371305
1,1,0.5761413714890602
0,0,0.41318531455735324
0,0,0.40815167753659687
0,0,0.27165806214957183
0,1,0.5697606154878619
0,1,0.5730075303318138
0,0,0.3364064199391385
0,0,0.37473197458952134
0,1,0.6463617522136358
0,1,0.6794405523140904
1,0,0.42304645845165406
0,1,0.5518158339211817
0,1,0.5119588943219705
0,0,0.4211902318066149
1,1,0.5580941492671186
0,1,0.6622966092389504
0,1,0.6138728154246482
0,1,0.7110905569440743
0,0,0.3805536928705419
0,0,0.35408338508253306
0,0,0.377534808209851
0,0,0.27660795047005515
1,0,0.4556607758346786
1,0,0.351718907618618
0,1,0.6194536532860433
0,0,0.4054432375159723
0,0,0.30443966357736896
1,0,0.4469679453511982
0,0,0.29613087180719605
0,0,0.37416895346943
1,1,0.9023907268169373
0,0,0.30443966357736896
0,0,0.4122502199553983
0,1,0.5515900490466701
0,0,0.32400861489580235
0,0,0.3264129237752788
0,0,0.32433775553601113
0,0,0.2916942184683647
0,1,0.7103176626434425
0,0,0.49742955897217217
0,0,0.10884804081228963
0,0,0.37359460405816497
0,1,0.501221346689194
0,0,0.30896217772185697
0,1,0.6887746095498248
0,0,0.3776637688971145
0,0,0.29300833160887996
1,0,0.4613387039646057
0,0,0.460595208849256
0,0,0.3969291815492682
1,1,0.6884090790160046
0,0,0.37828497423597923
1,0,0.35137483974121875
1,1,0.876654216913396
1,0,0.30443966357736896
0,0,0.2513658932955415
0,0,0.38874642040756857
1,0,0.4322704254932704
0,0,0.30443966357736896
0,0,0.4282833853762296
0,0,0.40954856448365634
0,1,0.5876719649616372
0,0,0.4272884769414346
0,1,0.5010929602133126
0,0,0.4290117455769162
0,0,0.37828497423597923
1,1,0.6632068835506673
1,1,0.8653036960728954
0,1,0.6124534462987411
1,1,0.5817439052344398
0,0,0.3364064199391385
0,0,0.36883079976995714
1,1,0.859777270924814
0,0,0.307152926399741
0,1,0.6190729348969841
1,1,0.6603418974678438
0,0,0.3619926018332822
0,0,0.46434405346360397
0,1,0.5921067470471916
1,1,0.6007424952359883
1,0,0.08419904776116881
0,1,0.5259226329401437
0,1,0.5522678582589191
0,0,0.33607662511856895
1,0,0.4103823034841752
0,0,0.3011006450519306
1,1,0.5807947324833781
0,0,0.42075581054876154
0,0,0.38963642850520963
0,0,0.32147442218024375
0,0,0.21337342033173737
0,0,0.44848821965391494
0,0,0.4983854182241284
0,0,0.2652116469396444
0,0,0.38825879311377004
0,0,0.4054432375159723
0,1,0.5170083347306204
0,0,0.271053835851339
0,1,0.5793832758119356
1,1,0.5890896609669505
0,1,0.5690317528976998
0,0,0.1879639796930375
0,0,0.3617787636409024
1,1,0.8059158889689862
0,1,0.5317530954220748
0,0,0.45336686432664974
0,0,0.4881657180354858
0,1,0.6248475397178278
0,0,0.37828497423597923
0,0,0.3578524597182998
0,1,0.5168485572252539
1,0,0.42782657740006647
0,0,0.1368321619172212
0,0,0.08791997555940606
0,0,0.4722295156707061
0,0,0.32147442218024375
1,0,0.3697261070293986
1,0,0.21696318464691494
1,0,0.4564187738859671
0,0,0.4872879005524114
0,0,0.4068648072006164
0,0,0.1552810822192247
0,0,0.39068836293236
0,0,0.27882403722880067
0,0,0.32312299287283763
0,1,0.5739196121090848
0,0,0.31645007486823834
0,0,0.3976579075450495
0,1,0.5470355703926212
0,0,0.3969777065169433
0,0,0.1771283675205643
0,0,0.24768380329039
0,0,0.3811973701197916
0,0,0.3049842479591479
0,1,0.5311135496838812
0,0,0.34186285162901614
0,0,0.31382723300564425
0,1,0.6363131981168971
0,0,0.2050832126064951
1,1,0.6943606330669395
0,1,0.5533365976685751
0,0,0.34473385004849855
0,0,0.4082578553398658
0,0,0.4917509516944384
0,1,0.6572669728981212
0,0,0.2734028972492139
0,0,0.13707414673035306
0,0,0.31570226031955695
0,0,0.30275820692936445
0,0,0.42503429597406894
0,0,0.2730720219502144
0,0,0.3269034227952081
0,0,0.4647733475042414
0,0,0.37828497423597923
0,0,0.28408131356160804
1,0,0.32922072476511355
0,0,0.4058764794248022
1,1,0.5730075303318138
0,0,0.24766564687764084
0,1,0.608332285094991
0,1,0.7760966592679016
1,0,0.4095064182422977
0,1,0.6637621686628654
0,1,0.579219658016513
0,0,0.32147442218024375
0,1,0.5639542338383615
0,0,0.3364064199391385
0,1,0.590778241240491
0,0,0.4054432375159723
0,0,0.4491972941308215
0,0,0.36684203029947604
0,0,0.18355004124483357
0,1,0.7048849972112134
0,1,0.5398186295882947
0,1,0.6807155704010255
0,0,0.31965941665047115
0,0,0.40927323305236063
0,0,0.4417172278615549
0,0,0.2838066073293141
0,0,0.38241831476084287
0,0,0.27225996277895764
0,0,0.3175051185025937
0,0,0.3196320670420998
0,0,0.32147442218024375
0,0,0.2758311495752238
0,0,0.37828497423597923
0,0,0.3129499345079607
0,0,0.2299126485646627
0,0,0.32147442218024375
0,1,0.6974026650449808
0,0,0.39132608370380817
0,1,0.641242540037569
0,1,0.5683006240689131
0,1,0.779497739710492
1,1,0.5885311457942872
0,0,0.43017696760408064
0,0,0.4692732740124198
1,1,0.8136760845744363
0,0,0.46079888271693037
0,1,0.7510307344188479
0,1,0.545412570380794
0,0,0.34473385004849855
0,0,0.44074053219378706
0,1,0.6040871530073745
1,1,0.5136636563713141
0,0,0.46147101716790523
0,0,0.38874642040756857
0,0,0.358140496299632
0,1,0.7878515950671853
0,0,0.4869031676961929
0,0,0.43639858505478835
0,0,0.3186897607477949
0,0,0.2601547045003255
0,0,0.4715121879066857
0,0,0.34721742127620464
1,1,0.5812983344919096
1,0,0.3845010362767935
1,1,0.8949881485876602
0,0,0.11944991084603701
0,0,0.3062395798405741
0,0,0.4766306172409121
0,0,0.39422521367309127
0,0,0.30443966357736896
0,0,0.31484631205121266
0,0,0.36943015565915494
0,0,0.45828873652357366
1,0,0.39169470973065945
1,0,0.4473907160220491
0,0,0.06391049167659169
0,0,0.2911367670965994
0,0,0.4666831638409447
0,1,0.6185062977162137
0,1,0.6578888042696258
1,0,0.4239326537930054
0,0,0.2576260447692258
1,0,0.3185736983193666
0,0,0.19711627816792193
0,0,0.4634681673866707
0,0,0.30675227599375765
1,1,0.8801003828950444
0,0,0.48987408739005633
0,0,0.40550225728725736
1,1,0.5971426327725327
0,0,0.4192213506272482
0,0,0.41855014779565697
0,1,0.5747896239595697
1,0,0.49362966602669395
0,0,0.331632637365646
1,1,0.5412645624898332
0,0,0.34471476846644566
0,0,0.4520562067393789
0,1,0.6486892410935943
0,0,0.11420044863481547
0,0,0.43574708654299393
0,0,0.29352296505631126
0,0,0.30443966357736896
0,0,0.2986028956095307
0,0,0.16071801376349712
0,0,0.34473385004849855
0,0,0.3628984113073185
0,0,0.3358507812340211
0,0,0.24830834903805804
0,1,0.5005449314141207
0,0,0.4618833562128977
0,0,0.3944217323738127
0,0,0.3304155460230816
0,0,0.3229615867089311
0,0,0.3746839370282815
0,0,0.3364064199391385
0,0,0.3700765361998484
0,1,0.6772452427382034
1,0,0.4172747281880684
0,0,0.12520140447826753
0,1,0.7079033574241703
0,0,0.3490754012151391
0,0,0.36942779471640913
1,0,0.44062637953871925
0,0,0.187118216405853
0,0,0.3628382705754248
0,0,0.34209070078539006
0,0,0.34473385004849855
0,0,0.4618057031569566
0,0,0.3486113352793419
0,0,0.38874642040756857
0,1,0.5555036501602082
0,1,0.5149729327120681
0,0,0.38762319207407914
0,0,0.4922774531604585
0,0,0.20890774334029183
0,0,0.4711792906795051
1,0,0.42279294707849785
1,1,0.6007424952359883
0,0,0.24680394464608507
1,0,0.4593287167096159
1,0,0.41378648116744765
1,0,0.4041406552063642
0,1,0.5730075303318138
0,0,0.4047907367737384
0,0,0.2681875748757101
0,1,0.6619748220591511
0,1,0.6994144166141337
0,1,0.5974950838837988
0,0,0.33536597877308993
0,0,0.2848175899236847
0,1,0.7496957828259081
1,0,0.4082578553398658
0,0,0.34257254739614595
0,0,0.3560872851828127
0,0,0.2668847203170152
0,0,0.456919660267238
0,1,0.5790435838783994
0,0,0.45390806897246766
0,1,0.6495280458051679
0,1,0.546454446589965
0,0,0.43517138615506434
0,0,0.34473385004849855
0,0,0.30443966357736896
0,0,0.24843552534298038
0,0,0.3506495261308218
0,0,0.34047765509468386
0,1,0.5796167723486066
0,0,0.09022365358628019
0,0,0.2647834346441929
0,0,0.4446171733517772
0,0,0.32147442218024375
0,0,0.451046450797635
0,0,0.3080206050134946
0,1,0.6022713457001309
0,0,0.3555924275661348
0,0,0.38874642040756857
0,0,0.1901273108286603
0,1,0.6610446375901206
0,0,0.17071519367214422
0,0,0.3369039722614199
1,1,0.550145141814618
0,0,0.30443966357736896
1,1,0.8094838837151981
0,0,0.3364064199391385
1,1,0.6299552782485677
0,1,0.5875676511185187
0,0,0.3796815231144665
1,0,0.36868614657664595
0,0,0.3729862963226592
0,0,0.45546223092993077
0,0,0.3302325408037547
0,0,0.32147442218024375
0,1,0.648185377756047
0,0,0.32147442218024375
0,1,0.6024217347603572
0,1,0.570266938469097
0,1,0.5390074532699303
0,0,0.12294063507635053
0,0,0.3951630699880072
0,1,0.5597954532170164
0,0,0.41497095196570494
0,0,0.06440022255623035
0,1,0.6763037984612281
0,0,0.47425864437667575
1,1,0.8211014264050794
1,1,0.6557631184541054
0,0,0.40895710508588645
0,0,0.32121093905527076
0,0,0.40068993796372215
1,1,0.5553349292330134
0,0,0.443702671795913
1,1,0.6386901812008042
0,0,0.39753357234429765
0,0,0.4054432375159723
1,0,0.19170695079565353
0,0,0.30443966357736896
0,1,0.5118218433611333
0,0,0.23772224113000026
1,0,0.3065223442831044
0,1,0.6199258449899843
0,1,0.5617613689089361
0,0,0.339185335023166
0,0,0.22277066631986125
0,0,0.4858203984598982
0,0,0.4509131333950314
0,0,0.4683577916370762
0,0,0.3363308374539692
0,0,0.48181498990040045
0,0,0.3731617803799243
0,0,0.4959641516248241
1,1,0.5921067470471916
0,0,0.3241471703185245
1,0,0.48354348910413536
1,0,0.43266245573806345
0,0,0.37044484438659897
0,0,0.4729918844713075
0,1,0.5771684984234152
0,0,0.3133026826990019
0,0,0.2732535992008
1,1,0.6412191348479747
0,0,0.4387346119833884
0,1,0.5905881848605351
0,0,0.3444183112516225
0,0,0.47464249957383653
0,0,0.4182054053138796
0,0,0.443321734692349
0,0,0.333352941186955
1,0,0.4154634944424444
0,0,0.4805777343195734
0,0,0.35465189675160996
0,0,0.35507750498372403
1,1,0.6812125142569659
0,0,0.34473385004849855
0,0,0.42896669482016053
0,0,0.4530807084081391
0,1,0.5247232255756868
0,1,0.686375173964879
0,1,0.6882510661647034
0,0,0.3658811285420917
0,0,0.4420204469484762
0,0,0.3151557434108586
0,0,0.421133892412491
0,0,0.4531636356700875
0,0,0.42017270669467055
1,1,0.587975202139527
0,0,0.23186232935309364
0,0,0.4710845153936404
0,0,0.30443966357736896
1,0,0.45657744940847544
0,0,0.38874642040756857
1,0,0.2977977212049756
0,0,0.389153148456653
0,1,0.5946001546331052
0,0,0.43402857173038345
0,0,0.40437701181790836
0,0,0.41268051688080054
0,1,0.5723886692459536
1,1,0.5814171000094567
0,0,0.38874642040756857
1,0,0.4858895064295957
0,0,0.1741557519835197
1,0,0.48547820335730635
0,0,0.3763923712157425
0,1,0.5266170441861645
0,1,0.5337457202580139
1,1,0.5548418848339387
1,1,0.8068227426437585
0,0,0.3302016069717202
0,0,0.2833238158887678
0,0,0.34241722211962117
0,0,0.31791616657764943
0,0,0.4529987554460051
0,1,0.5808979264838944
0,0,0.356269332565336
1,1,0.695789833125506
0,1,0.5655453036934902
0,0,0.4434911235318614
0,1,0.6571941159441709
1,0,0.38981418744471386
0,0,0.34473385004849855
0,0,0.08850316661093346
0,1,0.5377958377193128
0,0,0.3087020675872423
0,0,0.27660795047005515
0,0,0.3524208083963602
0,0,0.30443966357736896
0,0,0.44441165003834837
1,1,0.5727217370541824
0,0,0.32229602316592204
0,0,0.3293360254979981
0,0,0.45387020293162395
1,1,0.7919493155232176
0,1,0.6295347167907365
0,0,0.454141625788017
0,0,0.30440705709480653
0,1,0.7074039139227464
0,0,0.2932758881532292
0,0,0.4480147174627103
0,0,0.2832715988547033
0,0,0.2613148851308482
0,0,0.21702270790553796
0,0,0.13042394526975032
0,0,0.3503763658298648
0,0,0.49666462503592274
0,1,0.5780842199122559
0,0,0.13232027167284616
0,1,0.6195665796225163
0,0,0.44429255659282624
0,1,0.5178640414751886
0,0,0.38246370618030956
0,1,0.6365626286146997
0,0,0.14904115538398646
0,0,0.3448595828241978
0,0,0.337073808949495
0,0,0.3364064199391385
0,0,0.3250261383412455
0,0,0.19075538978464043
0,0,0.13148024865784444
1,1,0.5457377092427883
0,0,0.43672692638529753
0,0,0.4530807084081391
0,0,0.4314052980606741
0,0,0.2900143899612391
0,0,0.34473385004849855
0,0,0.30443966357736896
1,0,0.38874642040756857
0,1,0.6414171535013014
0,0,0.36630170684119223
0,0,0.3631156583940583
0,0,0.4868012856102285
0,0,0.33398746149903946
0,0,0.37828497423597923
1,1,0.5704595284058299
0,0,0.45931762731731607
0,0,0.30443966357736896
0,0,0.47179204736464464
0,0,0.3750647036251922
0,1,0.6516856232687789
0,1,0.5336769410027457
1,0,0.29567814026774664
0,1,0.5986400419866558
1,1,0.8798146101181656
0,1,0.6776270520199665
0,1,0.5721852755144207
0,0,0.4700509182588655
0,0,0.32147442218024375
0,0,0.4432576176304563
1,1,0.6382527513161256
1,0,0.19841307658407067
0,1,0.56607520405882
0,1,0.5344280617149503
0,0,0.3643438815786696
0,0,0.2832231018919943
1,0,0.3677089632478192
0,1,0.7331336731005491
0,0,0.27991023817259736
0,0,0.34473385004849855
0,0,0.30443966357736896
0,0,0.37148733855798827
0,1,0.6622966092389504
0,1,0.6747158776374544
0,0,0.24936780867553235
0,0,0.47948342348540696
0,0,0.410835852181727
1,1,0.5690375981761127
0,0,0.32147442218024375
0,0,0.30443966357736896
0,1,0.549509803465772
0,0,0.4014548224725229
0,1,0.6751875891017771
0,1,0.5531871537510133
0,0,0.3710746949511534
0,0,0.44406669362747414
0,0,0.27110272773873123
0,0,0.3002859020350721
1,1,0.7369257007532203
0,0,0.38874642040756857
0,1,0.5094946494192881
1,1,0.8949881485876602
0,1,0.6272082800472599
0,0,0.4445224273267198
0,0,0.34473385004849855
0,0,0.48236725774244216
0,0,0.4202278815510712
0,0,0.10620737899794902
0,0,0.4058130401075642
1,0,0.24845601326453098
0,0,0.40463121217143505
1,0,0.45027915189465234
1,0,0.42633236304702543
0,0,0.4969205185136906
0,0,0.1993276382984167
0,0,0.4525080142134035
0,0,0.07241813497286279
0,1,0.6290258987412967
0,0,0.3364064199391385
0,0,0.3178274079063249
0,0,0.376305095454468
0,0,0.26784159901193366
0,0,0.4628525293676739
0,0,0.47537474330152685
0,0,0.4777842612551065
0,1,0.578327134883102
0,1,0.5192453876810904
0,1,0.5806676025269843
1,0,0.3135341434379478
0,0,0.3364064199391385
1,1,0.615042751684002
0,1,0.6427487919708081
0,0,0.21325451021195072
0,0,0.44513493858168574
0,0,0.4082578553398658
0,0,0.30996678404679184
0,1,0.6602800266543039
1,0,0.3572683237188199
0,0,0.1263364004833645
0,0,0.4118806318962019
0,1,0.5730075303318138
0,0,0.4361075415792885
1,0,0.4154281628400011
0,0,0.4773040422568167
0,0,0.3688385738627887
1,0,0.1329879192874154
1,1,0.7921556903731494
0,0,0.30443966357736896
0,0,0.45491426195218315
0,1,0.7760966592679016
0,0,0.30443966357736896
1,1,0.6840994358135136
0,0,0.2852971093033008
0,1,0.5253500594669637
1,0,0.44614350471098313
0,0,0.38874642040756857
0,0,0.45756268498780633
0,0,0.4054432375159723
1,1,0.6529630148956039
0,0,0.4785988150301573
0,0,0.3445081795041588
0,0,0.27701907409367094
1,1,0.6063884947876804
0,0,0.4056952529830469
